{"summary":{"score":175.0,"maxPunchSpeed":0.5128999948501587,"avgPunchSpeed":0.366100013256073,"hitRate":38.46149826049805,"minReactionTime":0.5683000087738037,"avgReactionTime":0.9624000191688538,"totalPunchNum":13.0}}