{"summary":{"score":4077.844970703125,"maxPunchSpeed":0.9837999939918518,"avgPunchSpeed":0.6559000015258789,"hitRate":75.86209869384766,"minReactionTime":0.2418999969959259,"avgReactionTime":0.5687000155448914,"totalPunchNum":58.0}}