{"summary":{"score":7697.18994140625,"maxPunchSpeed":1.5463999509811402,"avgPunchSpeed":0.8040000200271606,"hitRate":89.8551025390625,"minReactionTime":0.25040000677108767,"avgReactionTime":0.38749998807907107,"totalPunchNum":69.0}}