{"summary":{"score":287.20001220703127,"maxPunchSpeed":0.4661000072956085,"avgPunchSpeed":0.22509999573230744,"hitRate":96.15390014648438,"minReactionTime":0.7804999947547913,"avgReactionTime":1.0533000230789185,"totalPunchNum":26.0}}