{"summary":{"score":8015.97021484375,"maxPunchSpeed":1.485200047492981,"avgPunchSpeed":0.909600019454956,"hitRate":37.91210174560547,"minReactionTime":0.013299999758601189,"avgReactionTime":0.33980000019073489,"totalPunchNum":182.0}}