{"summary":{"score":5475.2041015625,"maxPunchSpeed":1.5503000020980836,"avgPunchSpeed":0.8019999861717224,"hitRate":80.0,"minReactionTime":0.24210000038146974,"avgReactionTime":0.4668000042438507,"totalPunchNum":65.0}}