{"summary":{"score":508.30999755859377,"maxPunchSpeed":0.718500018119812,"avgPunchSpeed":0.597100019454956,"hitRate":11.111100196838379,"minReactionTime":0.13910000026226045,"avgReactionTime":1.069700002670288,"totalPunchNum":54.0}}