{"summary":{"score":3442.261962890625,"maxPunchSpeed":0.6568999886512756,"avgPunchSpeed":0.4106999933719635,"hitRate":100.0,"minReactionTime":0.3910999894142151,"avgReactionTime":0.5153999924659729,"totalPunchNum":48.0}}