{"summary":{"score":5965.76220703125,"maxPunchSpeed":0.7893000245094299,"avgPunchSpeed":0.44600000977516177,"hitRate":100.0,"minReactionTime":0.30309998989105227,"avgReactionTime":0.4092000126838684,"totalPunchNum":58.0}}