{"summary":{"score":4243.2021484375,"maxPunchSpeed":0.9581999778747559,"avgPunchSpeed":0.5284000039100647,"hitRate":97.91670227050781,"minReactionTime":0.4146000146865845,"avgReactionTime":0.5386999845504761,"totalPunchNum":48.0}}