{"summary":{"score":1409.35498046875,"maxPunchSpeed":0.8659999966621399,"avgPunchSpeed":0.5396000146865845,"hitRate":25.0,"minReactionTime":0.12219999730587006,"avgReactionTime":1.5437999963760377,"totalPunchNum":72.0}}