{"summary":{"score":6192.80419921875,"maxPunchSpeed":3.1710000038146974,"avgPunchSpeed":1.079300045967102,"hitRate":65.88240051269531,"minReactionTime":0.23749999701976777,"avgReactionTime":0.4189999997615814,"totalPunchNum":85.0}}