{"summary":{"score":4488.7412109375,"maxPunchSpeed":0.9333000183105469,"avgPunchSpeed":0.553600013256073,"hitRate":95.91840362548828,"minReactionTime":0.4043000042438507,"avgReactionTime":0.5329999923706055,"totalPunchNum":49.0}}