{"summary":{"score":4457.740234375,"maxPunchSpeed":0.8357999920845032,"avgPunchSpeed":0.506600022315979,"hitRate":92.72730255126953,"minReactionTime":0.3199000060558319,"avgReactionTime":0.48399999737739565,"totalPunchNum":55.0}}