{"summary":{"score":4177.7099609375,"maxPunchSpeed":1.3774000406265259,"avgPunchSpeed":0.5917999744415283,"hitRate":87.03700256347656,"minReactionTime":0.38830000162124636,"avgReactionTime":0.5375000238418579,"totalPunchNum":54.0}}