{"summary":{"score":5963.48876953125,"maxPunchSpeed":1.4005000591278077,"avgPunchSpeed":0.8921999931335449,"hitRate":27.513200759887697,"minReactionTime":0.027899999171495439,"avgReactionTime":0.4657000005245209,"totalPunchNum":189.0}}