{"summary":{"score":2663.43994140625,"maxPunchSpeed":0.7516000270843506,"avgPunchSpeed":0.5550000071525574,"hitRate":92.85710144042969,"minReactionTime":0.3619999885559082,"avgReactionTime":0.6707000136375427,"totalPunchNum":42.0}}