{"summary":{"score":4103.12109375,"maxPunchSpeed":0.6340000033378601,"avgPunchSpeed":0.39089998602867129,"hitRate":98.11319732666016,"minReactionTime":0.2946999967098236,"avgReactionTime":0.4684000015258789,"totalPunchNum":53.0}}