{"summary":{"score":4731.419921875,"maxPunchSpeed":0.8270000219345093,"avgPunchSpeed":0.43220001459121706,"hitRate":90.76920318603516,"minReactionTime":0.21979999542236329,"avgReactionTime":0.4025000035762787,"totalPunchNum":65.0}}