{"summary":{"score":6800.80615234375,"maxPunchSpeed":1.3844000101089478,"avgPunchSpeed":0.79830002784729,"hitRate":92.1875,"minReactionTime":0.2759999930858612,"avgReactionTime":0.4171000123023987,"totalPunchNum":64.0}}