{"summary":{"score":3254.35888671875,"maxPunchSpeed":0.9912999868392944,"avgPunchSpeed":0.4156000018119812,"hitRate":66.66670227050781,"minReactionTime":0.2904999852180481,"avgReactionTime":0.5644000172615051,"totalPunchNum":69.0}}