{"summary":{"score":2268.52001953125,"maxPunchSpeed":0.6517000198364258,"avgPunchSpeed":0.40540000796318056,"hitRate":92.10530090332031,"minReactionTime":0.36149999499320986,"avgReactionTime":0.7483999729156494,"totalPunchNum":38.0}}