{"summary":{"score":5525.46484375,"maxPunchSpeed":1.46589994430542,"avgPunchSpeed":0.7960000038146973,"hitRate":80.0,"minReactionTime":0.25619998574256899,"avgReactionTime":0.4668000042438507,"totalPunchNum":65.0}}