{"summary":{"score":5882.3291015625,"maxPunchSpeed":1.7374000549316407,"avgPunchSpeed":0.8076000213623047,"hitRate":66.27909851074219,"minReactionTime":0.2913999855518341,"avgReactionTime":0.42250001430511477,"totalPunchNum":86.0}}