{"summary":{"score":871.3800048828125,"maxPunchSpeed":0.651199996471405,"avgPunchSpeed":0.5163000226020813,"hitRate":6.557400226593018,"minReactionTime":0.04100000113248825,"avgReactionTime":0.3091999888420105,"totalPunchNum":122.0}}