{"summary":{"score":5005.80078125,"maxPunchSpeed":0.887499988079071,"avgPunchSpeed":0.43299999833106997,"hitRate":96.72129821777344,"minReactionTime":0.2802000045776367,"avgReactionTime":0.4074999988079071,"totalPunchNum":61.0}}