{"summary":{"score":2563.60009765625,"maxPunchSpeed":1.1145000457763672,"avgPunchSpeed":0.6680999994277954,"hitRate":75.0,"minReactionTime":0.37560001015663149,"avgReactionTime":0.7565000057220459,"totalPunchNum":40.0}}