{"summary":{"score":3143.56005859375,"maxPunchSpeed":0.6696000099182129,"avgPunchSpeed":0.4146000146865845,"hitRate":95.91840362548828,"minReactionTime":0.4278999865055084,"avgReactionTime":0.5357000231742859,"totalPunchNum":49.0}}