{"summary":{"score":4186.18798828125,"maxPunchSpeed":1.8336000442504883,"avgPunchSpeed":0.7013000249862671,"hitRate":69.6969985961914,"minReactionTime":0.3070000112056732,"avgReactionTime":0.553600013256073,"totalPunchNum":66.0}}