{"summary":{"score":3069.1201171875,"maxPunchSpeed":1.3051999807357789,"avgPunchSpeed":0.6779000163078308,"hitRate":82.60870361328125,"minReactionTime":0.24779999256134034,"avgReactionTime":0.6836000084877014,"totalPunchNum":46.0}}