{"summary":{"score":4336.84521484375,"maxPunchSpeed":1.6718000173568726,"avgPunchSpeed":0.555400013923645,"hitRate":81.81819915771485,"minReactionTime":0.20999999344348908,"avgReactionTime":0.45089998841285708,"totalPunchNum":66.0}}