{"summary":{"score":4117.39892578125,"maxPunchSpeed":1.3712999820709229,"avgPunchSpeed":0.6764000058174133,"hitRate":74.13790130615235,"minReactionTime":0.33410000801086428,"avgReactionTime":0.5859000086784363,"totalPunchNum":58.0}}