{"summary":{"score":2525.55908203125,"maxPunchSpeed":0.47780001163482668,"avgPunchSpeed":0.3192000091075897,"hitRate":90.90910339355469,"minReactionTime":0.375900000333786,"avgReactionTime":0.49300000071525576,"totalPunchNum":55.0}}