{"summary":{"score":2621.35009765625,"maxPunchSpeed":0.47760000824928286,"avgPunchSpeed":0.311599999666214,"hitRate":98.03919982910156,"minReactionTime":0.3467000126838684,"avgReactionTime":0.5055999755859375,"totalPunchNum":51.0}}