{"summary":{"score":3205.590087890625,"maxPunchSpeed":0.9545000195503235,"avgPunchSpeed":0.48649999499320986,"hitRate":82.14289855957031,"minReactionTime":0.3192000091075897,"avgReactionTime":0.5432000160217285,"totalPunchNum":56.0}}