{"summary":{"score":1655.8709716796875,"maxPunchSpeed":0.6844000220298767,"avgPunchSpeed":0.39100000262260439,"hitRate":80.0,"minReactionTime":0.43059998750686648,"avgReactionTime":0.7339000105857849,"totalPunchNum":45.0}}