{"summary":{"score":4699.55078125,"maxPunchSpeed":0.9864000082015991,"avgPunchSpeed":0.5202999711036682,"hitRate":88.52459716796875,"minReactionTime":0.24979999661445619,"avgReactionTime":0.4472000002861023,"totalPunchNum":61.0}}