{"summary":{"score":3766.0400390625,"maxPunchSpeed":0.9693999886512756,"avgPunchSpeed":0.5393999814987183,"hitRate":93.75,"minReactionTime":0.33629998564720156,"avgReactionTime":0.5697000026702881,"totalPunchNum":48.0}}