{"summary":{"score":4134.494140625,"maxPunchSpeed":0.5292999744415283,"avgPunchSpeed":0.36059999465942385,"hitRate":38.596500396728519,"minReactionTime":0.043699998408555987,"avgReactionTime":0.583899974822998,"totalPunchNum":114.0}}