{"summary":{"score":4310.619140625,"maxPunchSpeed":2.05679988861084,"avgPunchSpeed":0.9599000215530396,"hitRate":70.4917984008789,"minReactionTime":0.3303000032901764,"avgReactionTime":0.567300021648407,"totalPunchNum":61.0}}