{"summary":{"score":3759.9599609375,"maxPunchSpeed":0.9610000252723694,"avgPunchSpeed":0.48590001463890078,"hitRate":90.7406997680664,"minReactionTime":0.36250001192092898,"avgReactionTime":0.5070000290870667,"totalPunchNum":54.0}}