{"summary":{"score":3633.341064453125,"maxPunchSpeed":0.7355999946594238,"avgPunchSpeed":0.3750999867916107,"hitRate":98.11319732666016,"minReactionTime":0.2766999900341034,"avgReactionTime":0.4799000024795532,"totalPunchNum":53.0}}