{"summary":{"score":4521.18505859375,"maxPunchSpeed":1.065999984741211,"avgPunchSpeed":0.5105999708175659,"hitRate":86.15390014648438,"minReactionTime":0.2921999990940094,"avgReactionTime":0.43529999256134035,"totalPunchNum":65.0}}