{"summary":{"score":3898.551025390625,"maxPunchSpeed":0.848800003528595,"avgPunchSpeed":0.4912000000476837,"hitRate":97.95919799804688,"minReactionTime":0.33489999175071719,"avgReactionTime":0.5063999891281128,"totalPunchNum":49.0}}