{"summary":{"score":3811.419921875,"maxPunchSpeed":0.9771000146865845,"avgPunchSpeed":0.6134999990463257,"hitRate":82.0,"minReactionTime":0.3531000018119812,"avgReactionTime":0.6060000061988831,"totalPunchNum":50.0}}