{"summary":{"score":5083.69580078125,"maxPunchSpeed":1.2447999715805054,"avgPunchSpeed":0.6279000043869019,"hitRate":94.23079681396485,"minReactionTime":0.3517000079154968,"avgReactionTime":0.5145999789237976,"totalPunchNum":52.0}}