{"summary":{"score":3963.419921875,"maxPunchSpeed":0.8598999977111816,"avgPunchSpeed":0.4002000093460083,"hitRate":65.0602035522461,"minReactionTime":0.09570000320672989,"avgReactionTime":0.44999998807907107,"totalPunchNum":83.0}}