{"summary":{"score":3036.1298828125,"maxPunchSpeed":1.5853999853134156,"avgPunchSpeed":0.5789999961853027,"hitRate":75.4717025756836,"minReactionTime":0.3637000024318695,"avgReactionTime":0.652400016784668,"totalPunchNum":53.0}}