{"summary":{"score":3102.361083984375,"maxPunchSpeed":0.7383999824523926,"avgPunchSpeed":0.3598000109195709,"hitRate":100.0,"minReactionTime":0.41769999265670779,"avgReactionTime":0.5180000066757202,"totalPunchNum":48.0}}