{"summary":{"score":5540.37109375,"maxPunchSpeed":0.7813000082969666,"avgPunchSpeed":0.44519999623298647,"hitRate":98.30509948730469,"minReactionTime":0.2808000147342682,"avgReactionTime":0.4075999855995178,"totalPunchNum":59.0}}