{"summary":{"score":3231.94091796875,"maxPunchSpeed":1.4785000085830689,"avgPunchSpeed":0.42910000681877139,"hitRate":97.77780151367188,"minReactionTime":0.3635999858379364,"avgReactionTime":0.5866000056266785,"totalPunchNum":45.0}}