{"summary":{"score":5327.1591796875,"maxPunchSpeed":1.0503000020980836,"avgPunchSpeed":0.4887000024318695,"hitRate":92.0634994506836,"minReactionTime":0.29159998893737795,"avgReactionTime":0.4108000099658966,"totalPunchNum":63.0}}