{"summary":{"score":3244.22998046875,"maxPunchSpeed":1.364300012588501,"avgPunchSpeed":0.9190000295639038,"hitRate":53.125,"minReactionTime":0.014399999752640725,"avgReactionTime":0.7461000084877014,"totalPunchNum":64.0}}