{"summary":{"score":6877.30908203125,"maxPunchSpeed":1.4765000343322755,"avgPunchSpeed":0.763700008392334,"hitRate":84.93150329589844,"minReactionTime":0.25220000743865969,"avgReactionTime":0.3901999890804291,"totalPunchNum":73.0}}