{"summary":{"score":730.1201171875,"maxPunchSpeed":0.9656999707221985,"avgPunchSpeed":0.708899974822998,"hitRate":20.0,"minReactionTime":0.6403999924659729,"avgReactionTime":1.8222999572753907,"totalPunchNum":45.0}}