{"summary":{"score":5481.662109375,"maxPunchSpeed":0.7111999988555908,"avgPunchSpeed":0.47609999775886538,"hitRate":100.0,"minReactionTime":0.3325999975204468,"avgReactionTime":0.44190001487731936,"totalPunchNum":55.0}}