{"summary":{"score":3932.541015625,"maxPunchSpeed":0.640999972820282,"avgPunchSpeed":0.42969998717308047,"hitRate":98.07689666748047,"minReactionTime":0.3472000062465668,"avgReactionTime":0.4828000068664551,"totalPunchNum":52.0}}