{"summary":{"score":5908.0830078125,"maxPunchSpeed":0.8486999869346619,"avgPunchSpeed":0.5224999785423279,"hitRate":100.0,"minReactionTime":0.33320000767707827,"avgReactionTime":0.4474000036716461,"totalPunchNum":55.0}}