{"summary":{"score":2833.070068359375,"maxPunchSpeed":1.1324000358581544,"avgPunchSpeed":0.5468999743461609,"hitRate":65.0,"minReactionTime":0.3343000113964081,"avgReactionTime":0.6735000014305115,"totalPunchNum":60.0}}