{"summary":{"score":3249.64990234375,"maxPunchSpeed":0.520799994468689,"avgPunchSpeed":0.3294000029563904,"hitRate":92.98249816894531,"minReactionTime":0.3463999927043915,"avgReactionTime":0.4625999927520752,"totalPunchNum":57.0}}