{"summary":{"score":1344.6199951171875,"maxPunchSpeed":0.6010000109672546,"avgPunchSpeed":0.3449000120162964,"hitRate":19.78019905090332,"minReactionTime":0.19609999656677247,"avgReactionTime":1.0721999406814576,"totalPunchNum":91.0}}