{"summary":{"score":4049.135009765625,"maxPunchSpeed":1.4661999940872193,"avgPunchSpeed":0.6186000108718872,"hitRate":90.19609832763672,"minReactionTime":0.31949999928474429,"avgReactionTime":0.5562000274658203,"totalPunchNum":51.0}}