{"summary":{"score":6900.48095703125,"maxPunchSpeed":1.6739000082015992,"avgPunchSpeed":1.0537999868392945,"hitRate":34.46329879760742,"minReactionTime":0.014999999664723874,"avgReactionTime":0.39739999175071719,"totalPunchNum":177.0}}