{"summary":{"score":2061.159912109375,"maxPunchSpeed":0.7275999784469605,"avgPunchSpeed":0.36039999127388,"hitRate":97.56099700927735,"minReactionTime":0.3741999864578247,"avgReactionTime":0.6553999781608582,"totalPunchNum":41.0}}