{"summary":{"score":1530.4599609375,"maxPunchSpeed":0.7560999989509583,"avgPunchSpeed":0.42260000109672549,"hitRate":68.88890075683594,"minReactionTime":0.33320000767707827,"avgReactionTime":0.839900016784668,"totalPunchNum":45.0}}