{"summary":{"score":5846.7412109375,"maxPunchSpeed":1.248900055885315,"avgPunchSpeed":0.7396000027656555,"hitRate":90.0,"minReactionTime":0.2816999852657318,"avgReactionTime":0.4611000120639801,"totalPunchNum":60.0}}