{"summary":{"score":1274.27001953125,"maxPunchSpeed":0.5349000096321106,"avgPunchSpeed":0.3578000068664551,"hitRate":91.66670227050781,"minReactionTime":0.4311999976634979,"avgReactionTime":0.792900025844574,"totalPunchNum":36.0}}