{"summary":{"score":4206.1220703125,"maxPunchSpeed":0.8888000249862671,"avgPunchSpeed":0.49729999899864199,"hitRate":97.95919799804688,"minReactionTime":0.37290000915527346,"avgReactionTime":0.5300999879837036,"totalPunchNum":49.0}}