{"summary":{"score":5124.0400390625,"maxPunchSpeed":2.349400043487549,"avgPunchSpeed":1.0231000185012818,"hitRate":69.56520080566406,"minReactionTime":0.12210000306367874,"avgReactionTime":0.5203999876976013,"totalPunchNum":69.0}}