{"summary":{"score":4617.48876953125,"maxPunchSpeed":1.5132999420166016,"avgPunchSpeed":0.7117999792098999,"hitRate":76.92310333251953,"minReactionTime":0.3156999945640564,"avgReactionTime":0.4925999939441681,"totalPunchNum":65.0}}