{"summary":{"score":5320.18017578125,"maxPunchSpeed":0.8754000067710877,"avgPunchSpeed":0.46560001373291018,"hitRate":93.44259643554688,"minReactionTime":0.30640000104904177,"avgReactionTime":0.4377000033855438,"totalPunchNum":61.0}}