{"summary":{"score":1533.27001953125,"maxPunchSpeed":0.7802000045776367,"avgPunchSpeed":0.37209999561309817,"hitRate":94.73680114746094,"minReactionTime":0.4453999996185303,"avgReactionTime":0.7282999753952026,"totalPunchNum":38.0}}