{"summary":{"score":3045.610107421875,"maxPunchSpeed":0.7282999753952026,"avgPunchSpeed":0.3424000144004822,"hitRate":98.03919982910156,"minReactionTime":0.36399999260902407,"avgReactionTime":0.5020999908447266,"totalPunchNum":51.0}}