{"summary":{"score":2756.909912109375,"maxPunchSpeed":0.4950999915599823,"avgPunchSpeed":0.30790001153945925,"hitRate":92.72730255126953,"minReactionTime":0.3783999979496002,"avgReactionTime":0.4950000047683716,"totalPunchNum":55.0}}