{"summary":{"score":3072.089111328125,"maxPunchSpeed":0.7991999983787537,"avgPunchSpeed":0.46950000524520876,"hitRate":95.6521987915039,"minReactionTime":0.3330000042915344,"avgReactionTime":0.5631999969482422,"totalPunchNum":46.0}}