{"summary":{"score":6290.72314453125,"maxPunchSpeed":2.9999001026153566,"avgPunchSpeed":1.0299999713897706,"hitRate":82.85710144042969,"minReactionTime":0.25429999828338625,"avgReactionTime":0.4171999990940094,"totalPunchNum":70.0}}