{"summary":{"score":4351.43896484375,"maxPunchSpeed":1.1868000030517579,"avgPunchSpeed":0.5891000032424927,"hitRate":89.09089660644531,"minReactionTime":0.31869998574256899,"avgReactionTime":0.5052000284194946,"totalPunchNum":55.0}}