{"summary":{"score":6615.69091796875,"maxPunchSpeed":0.8392000198364258,"avgPunchSpeed":0.46619999408721926,"hitRate":90.66670227050781,"minReactionTime":0.2207999974489212,"avgReactionTime":0.34869998693466189,"totalPunchNum":75.0}}