{"summary":{"score":3757.43994140625,"maxPunchSpeed":0.7991999983787537,"avgPunchSpeed":0.5358999967575073,"hitRate":97.77780151367188,"minReactionTime":0.4577000141143799,"avgReactionTime":0.5685999989509583,"totalPunchNum":45.0}}