{"summary":{"score":4463.44921875,"maxPunchSpeed":0.7400000095367432,"avgPunchSpeed":0.4652000069618225,"hitRate":84.375,"minReactionTime":0.27619999647140505,"avgReactionTime":0.4578000009059906,"totalPunchNum":64.0}}