{"summary":{"score":5486.80908203125,"maxPunchSpeed":0.9882000088691711,"avgPunchSpeed":0.5188999772071838,"hitRate":95.16130065917969,"minReactionTime":0.24860000610351563,"avgReactionTime":0.4115000069141388,"totalPunchNum":62.0}}