{"summary":{"score":5372.47998046875,"maxPunchSpeed":0.7213000059127808,"avgPunchSpeed":0.42820000648498537,"hitRate":92.42420196533203,"minReactionTime":0.26330000162124636,"avgReactionTime":0.3813000023365021,"totalPunchNum":66.0}}