{"summary":{"score":4019.844970703125,"maxPunchSpeed":2.02620005607605,"avgPunchSpeed":0.8971999883651733,"hitRate":71.92980194091797,"minReactionTime":0.34139999747276308,"avgReactionTime":0.6389999985694885,"totalPunchNum":57.0}}