{"summary":{"score":2904.299072265625,"maxPunchSpeed":0.652400016784668,"avgPunchSpeed":0.3752000033855438,"hitRate":82.45610046386719,"minReactionTime":0.3052999973297119,"avgReactionTime":0.5259000062942505,"totalPunchNum":57.0}}