{"summary":{"score":7081.76611328125,"maxPunchSpeed":1.4467999935150147,"avgPunchSpeed":0.7947999835014343,"hitRate":89.8551025390625,"minReactionTime":0.2784999907016754,"avgReactionTime":0.37290000915527346,"totalPunchNum":69.0}}