{"summary":{"score":4442.19482421875,"maxPunchSpeed":1.350600004196167,"avgPunchSpeed":0.8037999868392944,"hitRate":83.63639831542969,"minReactionTime":0.2964000105857849,"avgReactionTime":0.5558000206947327,"totalPunchNum":55.0}}