{"summary":{"score":370.1300048828125,"maxPunchSpeed":0.4242999851703644,"avgPunchSpeed":0.25920000672340395,"hitRate":76.92310333251953,"minReactionTime":0.679099977016449,"avgReactionTime":1.385699987411499,"totalPunchNum":26.0}}