{"summary":{"score":6411.76806640625,"maxPunchSpeed":0.8615000247955322,"avgPunchSpeed":0.7087000012397766,"hitRate":94.73680114746094,"minReactionTime":0.25870001316070559,"avgReactionTime":0.44830000400543215,"totalPunchNum":57.0}}