{"summary":{"score":3588.52490234375,"maxPunchSpeed":0.9343000054359436,"avgPunchSpeed":0.6845999956130981,"hitRate":39.361698150634769,"minReactionTime":0.013100000098347664,"avgReactionTime":0.6945000290870667,"totalPunchNum":94.0}}