{"summary":{"score":5674.27001953125,"maxPunchSpeed":1.0219999551773072,"avgPunchSpeed":0.5328999757766724,"hitRate":91.17649841308594,"minReactionTime":0.2556000053882599,"avgReactionTime":0.37059998512268069,"totalPunchNum":68.0}}