{"summary":{"score":2912.341064453125,"maxPunchSpeed":0.9027000069618225,"avgPunchSpeed":0.590499997138977,"hitRate":92.85710144042969,"minReactionTime":0.5282999873161316,"avgReactionTime":0.6607000231742859,"totalPunchNum":42.0}}