{"summary":{"score":4855.462890625,"maxPunchSpeed":1.0576000213623047,"avgPunchSpeed":0.6888999938964844,"hitRate":87.27269744873047,"minReactionTime":0.21619999408721925,"avgReactionTime":0.510200023651123,"totalPunchNum":55.0}}