{"summary":{"score":3645.660888671875,"maxPunchSpeed":1.0442999601364136,"avgPunchSpeed":0.5273000001907349,"hitRate":87.75509643554688,"minReactionTime":0.33180001378059389,"avgReactionTime":0.5846999883651733,"totalPunchNum":49.0}}