{"summary":{"score":226.60000610351563,"maxPunchSpeed":0.9611999988555908,"avgPunchSpeed":0.8758999705314636,"hitRate":0.6061000227928162,"minReactionTime":0.04390000179409981,"avgReactionTime":0.2371000051498413,"totalPunchNum":330.0}}