{"summary":{"score":1193.77001953125,"maxPunchSpeed":0.44350001215934756,"avgPunchSpeed":0.26510000228881838,"hitRate":100.0,"minReactionTime":0.4032000005245209,"avgReactionTime":0.6861000061035156,"totalPunchNum":38.0}}