{"summary":{"score":374.0199890136719,"maxPunchSpeed":0.5289000272750855,"avgPunchSpeed":0.352400004863739,"hitRate":95.45449829101563,"minReactionTime":0.7075999975204468,"avgReactionTime":1.0902999639511109,"totalPunchNum":22.0}}