{"summary":{"score":3687.10009765625,"maxPunchSpeed":0.8968999981880188,"avgPunchSpeed":0.5145000219345093,"hitRate":92.0,"minReactionTime":0.3603000044822693,"avgReactionTime":0.5648000240325928,"totalPunchNum":50.0}}