{"summary":{"score":3006.639892578125,"maxPunchSpeed":0.9746000170707703,"avgPunchSpeed":0.48190000653266909,"hitRate":50.0,"minReactionTime":0.23489999771118165,"avgReactionTime":0.6851000189781189,"totalPunchNum":74.0}}