{"summary":{"score":4314.5,"maxPunchSpeed":0.8676000237464905,"avgPunchSpeed":0.5753999948501587,"hitRate":85.45449829101563,"minReactionTime":0.31630000472068789,"avgReactionTime":0.5268999934196472,"totalPunchNum":55.0}}