{"summary":{"score":1104.3900146484375,"maxPunchSpeed":2.3808999061584474,"avgPunchSpeed":0.46540001034736636,"hitRate":88.88890075683594,"minReactionTime":0.44209998846054079,"avgReactionTime":0.830299973487854,"totalPunchNum":36.0}}