{"summary":{"score":3744.052001953125,"maxPunchSpeed":0.7763000130653381,"avgPunchSpeed":0.3792000114917755,"hitRate":100.0,"minReactionTime":0.3458999991416931,"avgReactionTime":0.46810001134872439,"totalPunchNum":52.0}}