{"summary":{"score":3400.320068359375,"maxPunchSpeed":0.9315000176429749,"avgPunchSpeed":0.49959999322891238,"hitRate":91.66670227050781,"minReactionTime":0.3540000021457672,"avgReactionTime":0.5763000249862671,"totalPunchNum":48.0}}