{"summary":{"score":4425.10986328125,"maxPunchSpeed":0.6966000199317932,"avgPunchSpeed":0.4065000116825104,"hitRate":89.0625,"minReactionTime":0.2354000061750412,"avgReactionTime":0.42590001225471499,"totalPunchNum":64.0}}