{"summary":{"score":5206.5087890625,"maxPunchSpeed":1.3660999536514283,"avgPunchSpeed":0.7554000020027161,"hitRate":73.1343002319336,"minReactionTime":0.28999999165534975,"avgReactionTime":0.5091999769210815,"totalPunchNum":67.0}}