{"summary":{"score":2775.159912109375,"maxPunchSpeed":1.330399990081787,"avgPunchSpeed":0.7092000246047974,"hitRate":31.868099212646486,"minReactionTime":0.21299999952316285,"avgReactionTime":0.9212999939918518,"totalPunchNum":91.0}}