{"summary":{"score":958.909912109375,"maxPunchSpeed":1.1818000078201295,"avgPunchSpeed":0.8445000052452087,"hitRate":4.225399971008301,"minReactionTime":0.08219999819993973,"avgReactionTime":0.43700000643730166,"totalPunchNum":213.0}}