{"summary":{"score":1395.0350341796875,"maxPunchSpeed":1.7522000074386597,"avgPunchSpeed":1.0848000049591065,"hitRate":27.2726993560791,"minReactionTime":0.3889000117778778,"avgReactionTime":1.5671000480651856,"totalPunchNum":55.0}}