{"summary":{"score":2847.678955078125,"maxPunchSpeed":0.7400000095367432,"avgPunchSpeed":0.4918000102043152,"hitRate":97.61910247802735,"minReactionTime":0.3896999955177307,"avgReactionTime":0.6132000088691711,"totalPunchNum":42.0}}