{"summary":{"score":2958.9208984375,"maxPunchSpeed":1.0424000024795533,"avgPunchSpeed":0.5605999827384949,"hitRate":59.375,"minReactionTime":0.29190000891685488,"avgReactionTime":0.6758000254631043,"totalPunchNum":64.0}}