{"summary":{"score":3930.0,"maxPunchSpeed":1.1232000589370728,"avgPunchSpeed":0.4357999861240387,"hitRate":9.66919994354248,"minReactionTime":0.015399999916553498,"avgReactionTime":0.6531999707221985,"totalPunchNum":393.0}}