{"summary":{"score":1395.280029296875,"maxPunchSpeed":1.2694000005722047,"avgPunchSpeed":0.597000002861023,"hitRate":100.0,"minReactionTime":0.5674999952316284,"avgReactionTime":1.1655000448226929,"totalPunchNum":23.0}}