{"summary":{"score":3336.169921875,"maxPunchSpeed":0.6808000206947327,"avgPunchSpeed":0.35019999742507937,"hitRate":79.41179656982422,"minReactionTime":0.18880000710487367,"avgReactionTime":0.4374000132083893,"totalPunchNum":68.0}}