{"summary":{"score":3314.138916015625,"maxPunchSpeed":1.392199993133545,"avgPunchSpeed":0.6309999823570252,"hitRate":93.33329772949219,"minReactionTime":0.4586000144481659,"avgReactionTime":0.6195999979972839,"totalPunchNum":45.0}}