{"summary":{"score":4806.89892578125,"maxPunchSpeed":0.8453999757766724,"avgPunchSpeed":0.6606000065803528,"hitRate":90.19609832763672,"minReactionTime":0.3506999909877777,"avgReactionTime":0.545199990272522,"totalPunchNum":51.0}}