{"summary":{"score":3563.530029296875,"maxPunchSpeed":0.588699996471405,"avgPunchSpeed":0.320499986410141,"hitRate":93.22029876708985,"minReactionTime":0.3052000105381012,"avgReactionTime":0.43700000643730166,"totalPunchNum":59.0}}