{"summary":{"score":3501.09912109375,"maxPunchSpeed":0.9735999703407288,"avgPunchSpeed":0.5357000231742859,"hitRate":97.77780151367188,"minReactionTime":0.375,"avgReactionTime":0.5702999830245972,"totalPunchNum":45.0}}