{"summary":{"score":1850.9100341796875,"maxPunchSpeed":0.5314000248908997,"avgPunchSpeed":0.3125999867916107,"hitRate":92.68289947509766,"minReactionTime":0.4577000141143799,"avgReactionTime":0.5914000272750855,"totalPunchNum":41.0}}