{"summary":{"score":3028.200927734375,"maxPunchSpeed":0.7975999712944031,"avgPunchSpeed":0.4250999987125397,"hitRate":100.0,"minReactionTime":0.4052000045776367,"avgReactionTime":0.5547999739646912,"totalPunchNum":46.0}}