{"summary":{"score":2104.52001953125,"maxPunchSpeed":1.031499981880188,"avgPunchSpeed":0.5979999899864197,"hitRate":97.22219848632813,"minReactionTime":0.5425999760627747,"avgReactionTime":0.7495999932289124,"totalPunchNum":36.0}}