{"summary":{"score":5114.69287109375,"maxPunchSpeed":1.2532000541687012,"avgPunchSpeed":0.6481999754905701,"hitRate":81.53849792480469,"minReactionTime":0.3000999987125397,"avgReactionTime":0.45210000872612,"totalPunchNum":65.0}}