{"summary":{"score":6453.97998046875,"maxPunchSpeed":1.5943000316619874,"avgPunchSpeed":0.7591000199317932,"hitRate":88.23529815673828,"minReactionTime":0.23360000550746919,"avgReactionTime":0.3962000012397766,"totalPunchNum":68.0}}