{"summary":{"score":183.1999969482422,"maxPunchSpeed":0.8615000247955322,"avgPunchSpeed":0.8105999827384949,"hitRate":6.122399806976318,"minReactionTime":1.7391999959945679,"avgReactionTime":2.162100076675415,"totalPunchNum":49.0}}