{"summary":{"score":2904.958984375,"maxPunchSpeed":0.6464999914169312,"avgPunchSpeed":0.42980000376701357,"hitRate":68.75,"minReactionTime":0.37130001187324526,"avgReactionTime":0.5788999795913696,"totalPunchNum":64.0}}