{"summary":{"score":5723.7080078125,"maxPunchSpeed":0.7211999893188477,"avgPunchSpeed":0.5026000142097473,"hitRate":50.45050048828125,"minReactionTime":0.07569999992847443,"avgReactionTime":0.4318000078201294,"totalPunchNum":111.0}}