{"summary":{"score":5466.43896484375,"maxPunchSpeed":1.2851999998092652,"avgPunchSpeed":0.6262999773025513,"hitRate":88.33329772949219,"minReactionTime":0.3043000102043152,"avgReactionTime":0.4596000015735626,"totalPunchNum":60.0}}