{"summary":{"score":1560.47998046875,"maxPunchSpeed":0.7045999765396118,"avgPunchSpeed":0.37220001220703127,"hitRate":89.74359893798828,"minReactionTime":0.30079999566078188,"avgReactionTime":0.7487999796867371,"totalPunchNum":39.0}}