{"summary":{"score":5428.19580078125,"maxPunchSpeed":1.4457999467849732,"avgPunchSpeed":0.8251000046730042,"hitRate":83.33329772949219,"minReactionTime":0.3395000100135803,"avgReactionTime":0.5016999840736389,"totalPunchNum":60.0}}