{"summary":{"score":5569.955078125,"maxPunchSpeed":1.179800033569336,"avgPunchSpeed":0.6514999866485596,"hitRate":71.7948989868164,"minReactionTime":0.19089999794960023,"avgReactionTime":0.4253999888896942,"totalPunchNum":78.0}}