{"summary":{"score":553.760009765625,"maxPunchSpeed":0.6428999900817871,"avgPunchSpeed":0.35339999198913576,"hitRate":18.867900848388673,"minReactionTime":0.2500999867916107,"avgReactionTime":1.3310999870300294,"totalPunchNum":53.0}}