{"summary":{"score":3335.77001953125,"maxPunchSpeed":0.739799976348877,"avgPunchSpeed":0.42329999804496767,"hitRate":83.33329772949219,"minReactionTime":0.3041999936103821,"avgReactionTime":0.49959999322891238,"totalPunchNum":60.0}}