{"summary":{"score":4968.9482421875,"maxPunchSpeed":1.016800045967102,"avgPunchSpeed":0.5579000115394592,"hitRate":87.30159759521485,"minReactionTime":0.25119999051094057,"avgReactionTime":0.4399999976158142,"totalPunchNum":63.0}}