{"summary":{"score":580.3201293945313,"maxPunchSpeed":0.7599999904632568,"avgPunchSpeed":0.5153999924659729,"hitRate":75.0,"minReactionTime":0.6827999949455261,"avgReactionTime":0.9502000212669373,"totalPunchNum":16.0}}