{"summary":{"score":3186.822021484375,"maxPunchSpeed":0.4839000105857849,"avgPunchSpeed":0.323199987411499,"hitRate":100.0,"minReactionTime":0.3352999985218048,"avgReactionTime":0.4781999886035919,"totalPunchNum":52.0}}