{"summary":{"score":7231.62890625,"maxPunchSpeed":1.486799955368042,"avgPunchSpeed":0.7664999961853027,"hitRate":83.33329772949219,"minReactionTime":0.23549999296665193,"avgReactionTime":0.35920000076293948,"totalPunchNum":78.0}}