{"summary":{"score":2739.06005859375,"maxPunchSpeed":0.6491000056266785,"avgPunchSpeed":0.3709999918937683,"hitRate":83.63639831542969,"minReactionTime":0.3084999918937683,"avgReactionTime":0.5426999926567078,"totalPunchNum":55.0}}