{"summary":{"score":2394.10009765625,"maxPunchSpeed":0.39739999175071719,"avgPunchSpeed":0.28189998865127566,"hitRate":23.140499114990236,"minReactionTime":0.042899999767541888,"avgReactionTime":0.7983999848365784,"totalPunchNum":121.0}}