{"summary":{"score":4829.669921875,"maxPunchSpeed":0.7861999869346619,"avgPunchSpeed":0.4487999975681305,"hitRate":90.625,"minReactionTime":0.2874999940395355,"avgReactionTime":0.4108999967575073,"totalPunchNum":64.0}}