{"summary":{"score":6597.37890625,"maxPunchSpeed":1.1620999574661255,"avgPunchSpeed":0.6482999920845032,"hitRate":87.32389831542969,"minReactionTime":0.1932000070810318,"avgReactionTime":0.38519999384880068,"totalPunchNum":71.0}}