{"summary":{"score":1352.52001953125,"maxPunchSpeed":0.42660000920295718,"avgPunchSpeed":0.2410999983549118,"hitRate":95.34880065917969,"minReactionTime":0.4041999876499176,"avgReactionTime":0.6230999827384949,"totalPunchNum":43.0}}