{"summary":{"score":4679.91796875,"maxPunchSpeed":1.142799973487854,"avgPunchSpeed":0.515500009059906,"hitRate":88.70970153808594,"minReactionTime":0.267300009727478,"avgReactionTime":0.42989999055862429,"totalPunchNum":62.0}}