{"summary":{"score":1981.1199951171875,"maxPunchSpeed":0.8180999755859375,"avgPunchSpeed":0.4401000142097473,"hitRate":90.0,"minReactionTime":0.3628999888896942,"avgReactionTime":0.7142999768257141,"totalPunchNum":40.0}}