{"summary":{"score":3351.220947265625,"maxPunchSpeed":0.7915999889373779,"avgPunchSpeed":0.4546000063419342,"hitRate":100.0,"minReactionTime":0.3619000017642975,"avgReactionTime":0.5357000231742859,"totalPunchNum":46.0}}