{"summary":{"score":3500.0009765625,"maxPunchSpeed":0.9253000020980835,"avgPunchSpeed":0.5504999756813049,"hitRate":91.3042984008789,"minReactionTime":0.3885999917984009,"avgReactionTime":0.6111000180244446,"totalPunchNum":46.0}}