{"summary":{"score":3773.02099609375,"maxPunchSpeed":1.003000020980835,"avgPunchSpeed":0.526199996471405,"hitRate":97.91670227050781,"minReactionTime":0.37059998512268069,"avgReactionTime":0.5338000059127808,"totalPunchNum":48.0}}