{"summary":{"score":426.3999938964844,"maxPunchSpeed":1.336400032043457,"avgPunchSpeed":1.1159000396728516,"hitRate":5.555600166320801,"minReactionTime":0.4250999987125397,"avgReactionTime":1.8806999921798707,"totalPunchNum":72.0}}