{"summary":{"score":7292.912109375,"maxPunchSpeed":5.919300079345703,"avgPunchSpeed":1.0881999731063843,"hitRate":69.1489028930664,"minReactionTime":0.13950000703334809,"avgReactionTime":0.3578000068664551,"totalPunchNum":94.0}}