{"summary":{"score":582.0999755859375,"maxPunchSpeed":0.6636000275611877,"avgPunchSpeed":0.4731999933719635,"hitRate":2.8845999240875246,"minReactionTime":0.014000000432133675,"avgReactionTime":1.2474000453948975,"totalPunchNum":208.0}}