{"summary":{"score":2514.2900390625,"maxPunchSpeed":0.6736000180244446,"avgPunchSpeed":0.3540000021457672,"hitRate":92.0,"minReactionTime":0.34790000319480898,"avgReactionTime":0.5361999869346619,"totalPunchNum":50.0}}