{"summary":{"score":4520.66796875,"maxPunchSpeed":0.60589998960495,"avgPunchSpeed":0.3765000104904175,"hitRate":71.76470184326172,"minReactionTime":0.24950000643730164,"avgReactionTime":0.3824000060558319,"totalPunchNum":85.0}}