{"summary":{"score":2689.159912109375,"maxPunchSpeed":1.0555000305175782,"avgPunchSpeed":0.5613999962806702,"hitRate":97.43589782714844,"minReactionTime":0.4350000023841858,"avgReactionTime":0.6776000261306763,"totalPunchNum":39.0}}