{"summary":{"score":5984.2998046875,"maxPunchSpeed":0.7491000294685364,"avgPunchSpeed":0.46779999136924746,"hitRate":95.45449829101563,"minReactionTime":0.22220000624656678,"avgReactionTime":0.37119999527931216,"totalPunchNum":66.0}}