{"summary":{"score":2959.8798828125,"maxPunchSpeed":1.054800033569336,"avgPunchSpeed":0.6717000007629395,"hitRate":81.39540100097656,"minReactionTime":0.2784000039100647,"avgReactionTime":0.6169000267982483,"totalPunchNum":43.0}}