{"summary":{"score":3235.361083984375,"maxPunchSpeed":0.9128999710083008,"avgPunchSpeed":0.5529000163078308,"hitRate":95.23809814453125,"minReactionTime":0.43689998984336855,"avgReactionTime":0.6398000121116638,"totalPunchNum":42.0}}