{"summary":{"score":2776.780029296875,"maxPunchSpeed":0.640500009059906,"avgPunchSpeed":0.33239999413490298,"hitRate":100.0,"minReactionTime":0.33489999175071719,"avgReactionTime":0.5113000273704529,"totalPunchNum":48.0}}