{"summary":{"score":2129.239990234375,"maxPunchSpeed":0.6485999822616577,"avgPunchSpeed":0.396699994802475,"hitRate":53.33330154418945,"minReactionTime":0.2904999852180481,"avgReactionTime":0.5723000168800354,"totalPunchNum":60.0}}