{"summary":{"score":3961.3798828125,"maxPunchSpeed":0.6366000175476074,"avgPunchSpeed":0.40779998898506167,"hitRate":92.85710144042969,"minReactionTime":0.29490000009536745,"avgReactionTime":0.4771000146865845,"totalPunchNum":56.0}}