{"summary":{"score":5841.1630859375,"maxPunchSpeed":0.9965999722480774,"avgPunchSpeed":0.5942000150680542,"hitRate":96.36360168457031,"minReactionTime":0.34709998965263369,"avgReactionTime":0.45989999175071719,"totalPunchNum":55.0}}