{"summary":{"score":2186.919921875,"maxPunchSpeed":0.6122999787330627,"avgPunchSpeed":0.4733999967575073,"hitRate":97.29730224609375,"minReactionTime":0.5133000016212463,"avgReactionTime":0.7347999811172485,"totalPunchNum":37.0}}