{"summary":{"score":5356.9091796875,"maxPunchSpeed":1.7558000087738038,"avgPunchSpeed":0.8598999977111816,"hitRate":77.27269744873047,"minReactionTime":0.21729999780654908,"avgReactionTime":0.48069998621940615,"totalPunchNum":66.0}}