{"summary":{"score":4449.10888671875,"maxPunchSpeed":1.0162999629974366,"avgPunchSpeed":0.5806999802589417,"hitRate":37.30160140991211,"minReactionTime":0.027799999341368676,"avgReactionTime":0.5231000185012817,"totalPunchNum":126.0}}