{"summary":{"score":4587.119140625,"maxPunchSpeed":0.8169000148773193,"avgPunchSpeed":0.49309998750686648,"hitRate":91.37930297851563,"minReactionTime":0.2639000117778778,"avgReactionTime":0.44769999384880068,"totalPunchNum":58.0}}