{"summary":{"score":2584.159912109375,"maxPunchSpeed":1.2795000076293946,"avgPunchSpeed":0.6554999947547913,"hitRate":92.10530090332031,"minReactionTime":0.41370001435279848,"avgReactionTime":0.7455000281333923,"totalPunchNum":38.0}}