{"summary":{"score":3659.319091796875,"maxPunchSpeed":0.8866000175476074,"avgPunchSpeed":0.476500004529953,"hitRate":83.92859649658203,"minReactionTime":0.2906000018119812,"avgReactionTime":0.53329998254776,"totalPunchNum":56.0}}