{"summary":{"score":3108.43994140625,"maxPunchSpeed":0.47699999809265139,"avgPunchSpeed":0.2962999939918518,"hitRate":88.52459716796875,"minReactionTime":0.18119999766349793,"avgReactionTime":0.44290000200271609,"totalPunchNum":61.0}}