{"summary":{"score":1555.31005859375,"maxPunchSpeed":1.079200029373169,"avgPunchSpeed":0.7206000089645386,"hitRate":11.764699935913086,"minReactionTime":0.12530000507831574,"avgReactionTime":0.8489000201225281,"totalPunchNum":119.0}}