{"summary":{"score":4495.505859375,"maxPunchSpeed":1.7117999792099,"avgPunchSpeed":1.263800024986267,"hitRate":62.9031982421875,"minReactionTime":0.32019999623298647,"avgReactionTime":0.6437000036239624,"totalPunchNum":62.0}}