{"summary":{"score":4146.68212890625,"maxPunchSpeed":0.9297999739646912,"avgPunchSpeed":0.57669997215271,"hitRate":100.0,"minReactionTime":0.3765999972820282,"avgReactionTime":0.5598999857902527,"totalPunchNum":44.0}}