{"summary":{"score":6114.08203125,"maxPunchSpeed":1.0468000173568726,"avgPunchSpeed":0.4724999964237213,"hitRate":98.38710021972656,"minReactionTime":0.22130000591278077,"avgReactionTime":0.3824000060558319,"totalPunchNum":62.0}}