{"summary":{"score":2293.239990234375,"maxPunchSpeed":0.6559000015258789,"avgPunchSpeed":0.4124000072479248,"hitRate":87.23400115966797,"minReactionTime":0.42910000681877139,"avgReactionTime":0.6209999918937683,"totalPunchNum":47.0}}