{"summary":{"score":5566.7080078125,"maxPunchSpeed":0.9527999758720398,"avgPunchSpeed":0.38100001215934756,"hitRate":16.526599884033204,"minReactionTime":0.01489999983459711,"avgReactionTime":0.38109999895095827,"totalPunchNum":357.0}}