{"summary":{"score":6969.4921875,"maxPunchSpeed":1.3065999746322632,"avgPunchSpeed":0.8116000294685364,"hitRate":40.93960189819336,"minReactionTime":0.01730000041425228,"avgReactionTime":0.38960000872612,"totalPunchNum":149.0}}