{"summary":{"score":4741.72021484375,"maxPunchSpeed":1.1089999675750733,"avgPunchSpeed":0.6978999972343445,"hitRate":90.19609832763672,"minReactionTime":0.3612000048160553,"avgReactionTime":0.5401999950408936,"totalPunchNum":51.0}}