{"summary":{"score":885.7899780273438,"maxPunchSpeed":0.5673999786376953,"avgPunchSpeed":0.27649998664855959,"hitRate":23.37660026550293,"minReactionTime":0.1274999976158142,"avgReactionTime":0.5931000113487244,"totalPunchNum":77.0}}