{"summary":{"score":521.0399780273438,"maxPunchSpeed":0.5038999915122986,"avgPunchSpeed":0.3531000018119812,"hitRate":90.90910339355469,"minReactionTime":0.6528000235557556,"avgReactionTime":1.1756000518798829,"totalPunchNum":22.0}}