{"summary":{"score":1776.75,"maxPunchSpeed":0.3878999948501587,"avgPunchSpeed":0.24230000376701356,"hitRate":96.07839965820313,"minReactionTime":0.3481999933719635,"avgReactionTime":0.4909999966621399,"totalPunchNum":51.0}}