{"summary":{"score":2691.1201171875,"maxPunchSpeed":1.1512999534606934,"avgPunchSpeed":0.6647999882698059,"hitRate":97.29730224609375,"minReactionTime":0.41600000858306887,"avgReactionTime":0.7373999953269959,"totalPunchNum":37.0}}