{"summary":{"score":2795.4208984375,"maxPunchSpeed":0.618399977684021,"avgPunchSpeed":0.41769999265670779,"hitRate":100.0,"minReactionTime":0.4846000075340271,"avgReactionTime":0.6259999871253967,"totalPunchNum":42.0}}