{"summary":{"score":3243.928955078125,"maxPunchSpeed":0.9182999730110169,"avgPunchSpeed":0.558899998664856,"hitRate":70.0,"minReactionTime":0.40389999747276308,"avgReactionTime":0.6014999747276306,"totalPunchNum":60.0}}