{"summary":{"score":2243.571044921875,"maxPunchSpeed":0.5228999853134155,"avgPunchSpeed":0.3222000002861023,"hitRate":97.82610321044922,"minReactionTime":0.38920000195503237,"avgReactionTime":0.5615000128746033,"totalPunchNum":46.0}}