{"summary":{"score":4742.09912109375,"maxPunchSpeed":1.114400029182434,"avgPunchSpeed":0.6085000038146973,"hitRate":79.36509704589844,"minReactionTime":0.3009999990463257,"avgReactionTime":0.49239999055862429,"totalPunchNum":63.0}}