{"summary":{"score":2846.52099609375,"maxPunchSpeed":0.6230999827384949,"avgPunchSpeed":0.4447999894618988,"hitRate":97.77780151367188,"minReactionTime":0.4596000015735626,"avgReactionTime":0.5910000205039978,"totalPunchNum":45.0}}