{"summary":{"score":4793.52099609375,"maxPunchSpeed":0.6165000200271606,"avgPunchSpeed":0.35690000653266909,"hitRate":100.0,"minReactionTime":0.2070000022649765,"avgReactionTime":0.4000000059604645,"totalPunchNum":59.0}}