{"summary":{"score":4863.88916015625,"maxPunchSpeed":1.059000015258789,"avgPunchSpeed":0.5121999979019165,"hitRate":78.66670227050781,"minReactionTime":0.23019999265670777,"avgReactionTime":0.39419999718666079,"totalPunchNum":75.0}}