{"summary":{"score":3838.110107421875,"maxPunchSpeed":2.266200065612793,"avgPunchSpeed":1.1389000415802003,"hitRate":14.782600402832032,"minReactionTime":0.0406000018119812,"avgReactionTime":0.7784000039100647,"totalPunchNum":230.0}}