{"summary":{"score":3110.60107421875,"maxPunchSpeed":0.76419997215271,"avgPunchSpeed":0.4106999933719635,"hitRate":97.91670227050781,"minReactionTime":0.387800008058548,"avgReactionTime":0.522599995136261,"totalPunchNum":48.0}}