{"summary":{"score":5592.10400390625,"maxPunchSpeed":1.270900011062622,"avgPunchSpeed":0.796500027179718,"hitRate":28.409099578857423,"minReactionTime":0.013799999840557576,"avgReactionTime":0.49309998750686648,"totalPunchNum":176.0}}