{"summary":{"score":2460.72998046875,"maxPunchSpeed":0.6473000049591065,"avgPunchSpeed":0.3068000078201294,"hitRate":77.04920196533203,"minReactionTime":0.2084999978542328,"avgReactionTime":0.5249999761581421,"totalPunchNum":61.0}}