{"summary":{"score":152.13999938964845,"maxPunchSpeed":0.4666000008583069,"avgPunchSpeed":0.35589998960494997,"hitRate":45.454498291015628,"minReactionTime":0.5881999731063843,"avgReactionTime":1.2305999994277955,"totalPunchNum":11.0}}