{"summary":{"score":4213.93896484375,"maxPunchSpeed":1.0463999509811402,"avgPunchSpeed":0.6152999997138977,"hitRate":86.7925033569336,"minReactionTime":0.3197999894618988,"avgReactionTime":0.5253999829292297,"totalPunchNum":53.0}}