{"summary":{"score":1890.0699462890625,"maxPunchSpeed":0.742900013923645,"avgPunchSpeed":0.46239998936653139,"hitRate":76.74420166015625,"minReactionTime":0.4034000039100647,"avgReactionTime":0.7717000246047974,"totalPunchNum":43.0}}