{"summary":{"score":1377.199951171875,"maxPunchSpeed":1.1047999858856202,"avgPunchSpeed":0.7107999920845032,"hitRate":79.3104019165039,"minReactionTime":0.5824999809265137,"avgReactionTime":0.932200014591217,"totalPunchNum":29.0}}