{"summary":{"score":2135.820068359375,"maxPunchSpeed":0.5296000242233276,"avgPunchSpeed":0.3012000024318695,"hitRate":90.19609832763672,"minReactionTime":0.3610000014305115,"avgReactionTime":0.5570999979972839,"totalPunchNum":51.0}}