{"summary":{"score":2831.799072265625,"maxPunchSpeed":0.6316999793052673,"avgPunchSpeed":0.35830000042915347,"hitRate":89.09089660644531,"minReactionTime":0.2644999921321869,"avgReactionTime":0.5098000168800354,"totalPunchNum":55.0}}