{"summary":{"score":1252.3800048828125,"maxPunchSpeed":0.5333999991416931,"avgPunchSpeed":0.2831000089645386,"hitRate":100.0,"minReactionTime":0.49639999866485598,"avgReactionTime":0.6739000082015991,"totalPunchNum":38.0}}