{"summary":{"score":5449.958984375,"maxPunchSpeed":0.9453999996185303,"avgPunchSpeed":0.5192999839782715,"hitRate":86.76470184326172,"minReactionTime":0.1899999976158142,"avgReactionTime":0.4016000032424927,"totalPunchNum":68.0}}