{"summary":{"score":3944.89892578125,"maxPunchSpeed":1.070099949836731,"avgPunchSpeed":0.4410000145435333,"hitRate":92.98249816894531,"minReactionTime":0.31209999322891238,"avgReactionTime":0.4478999972343445,"totalPunchNum":57.0}}