{"summary":{"score":3299.330078125,"maxPunchSpeed":1.2057000398635865,"avgPunchSpeed":0.8429999947547913,"hitRate":75.0,"minReactionTime":0.391400009393692,"avgReactionTime":0.7166000008583069,"totalPunchNum":48.0}}