{"summary":{"score":2357.570068359375,"maxPunchSpeed":0.8813999891281128,"avgPunchSpeed":0.44600000977516177,"hitRate":100.0,"minReactionTime":0.5011000037193298,"avgReactionTime":0.6725000143051148,"totalPunchNum":38.0}}