{"summary":{"score":4052.77392578125,"maxPunchSpeed":1.8162000179290772,"avgPunchSpeed":0.9667999744415283,"hitRate":66.12899780273438,"minReactionTime":0.3587999939918518,"avgReactionTime":0.6198999881744385,"totalPunchNum":62.0}}