{"summary":{"score":5586.94921875,"maxPunchSpeed":1.1268999576568604,"avgPunchSpeed":0.5131999850273132,"hitRate":83.33329772949219,"minReactionTime":0.1906999945640564,"avgReactionTime":0.3894999921321869,"totalPunchNum":72.0}}