{"summary":{"score":3643.112060546875,"maxPunchSpeed":0.6464999914169312,"avgPunchSpeed":0.3977999985218048,"hitRate":98.03919982910156,"minReactionTime":0.3531999886035919,"avgReactionTime":0.4896000027656555,"totalPunchNum":51.0}}