{"summary":{"score":3019.9609375,"maxPunchSpeed":0.4636000096797943,"avgPunchSpeed":0.30149999260902407,"hitRate":98.11319732666016,"minReactionTime":0.37560001015663149,"avgReactionTime":0.477400004863739,"totalPunchNum":53.0}}