{"summary":{"score":3074.340087890625,"maxPunchSpeed":1.0776000022888184,"avgPunchSpeed":0.645799994468689,"hitRate":88.37210083007813,"minReactionTime":0.3644999861717224,"avgReactionTime":0.6880999803543091,"totalPunchNum":43.0}}