{"summary":{"score":3007.3310546875,"maxPunchSpeed":0.8219000101089478,"avgPunchSpeed":0.48249998688697817,"hitRate":95.23809814453125,"minReactionTime":0.4059000015258789,"avgReactionTime":0.6470999717712402,"totalPunchNum":42.0}}