{"summary":{"score":961.1998901367188,"maxPunchSpeed":1.172700047492981,"avgPunchSpeed":0.7045999765396118,"hitRate":75.86209869384766,"minReactionTime":0.8610000014305115,"avgReactionTime":1.25,"totalPunchNum":29.0}}