{"summary":{"score":4272.708984375,"maxPunchSpeed":0.9901999831199646,"avgPunchSpeed":0.6003000140190125,"hitRate":73.4375,"minReactionTime":0.3061999976634979,"avgReactionTime":0.5367000102996826,"totalPunchNum":64.0}}