{"summary":{"score":4011.34912109375,"maxPunchSpeed":0.6692000031471252,"avgPunchSpeed":0.33799999952316286,"hitRate":89.23079681396485,"minReactionTime":0.18359999358654023,"avgReactionTime":0.40560001134872439,"totalPunchNum":65.0}}