{"summary":{"score":2507.780029296875,"maxPunchSpeed":0.6435999870300293,"avgPunchSpeed":0.4302000105381012,"hitRate":80.39219665527344,"minReactionTime":0.34769999980926516,"avgReactionTime":0.6233999729156494,"totalPunchNum":51.0}}