{"summary":{"score":724.3800048828125,"maxPunchSpeed":0.8913000226020813,"avgPunchSpeed":0.7185999751091003,"hitRate":63.63639831542969,"minReactionTime":0.7368999719619751,"avgReactionTime":1.103600025177002,"totalPunchNum":22.0}}