{"summary":{"score":1725.39404296875,"maxPunchSpeed":3.3919999599456789,"avgPunchSpeed":0.5203999876976013,"hitRate":100.0,"minReactionTime":0.4300000071525574,"avgReactionTime":0.6578999757766724,"totalPunchNum":39.0}}