{"summary":{"score":5808.14794921875,"maxPunchSpeed":1.812399983406067,"avgPunchSpeed":1.1024999618530274,"hitRate":75.36229705810547,"minReactionTime":0.22450000047683717,"avgReactionTime":0.4708000123500824,"totalPunchNum":69.0}}