{"summary":{"score":4864.919921875,"maxPunchSpeed":0.9333000183105469,"avgPunchSpeed":0.550000011920929,"hitRate":98.07689666748047,"minReactionTime":0.3440999984741211,"avgReactionTime":0.48249998688697817,"totalPunchNum":52.0}}