{"summary":{"score":2606.531005859375,"maxPunchSpeed":0.5866000056266785,"avgPunchSpeed":0.37119999527931216,"hitRate":100.0,"minReactionTime":0.374099999666214,"avgReactionTime":0.5716999769210815,"totalPunchNum":44.0}}