{"summary":{"score":6631.1689453125,"maxPunchSpeed":1.195199966430664,"avgPunchSpeed":0.7279999852180481,"hitRate":92.0634994506836,"minReactionTime":0.29249998927116396,"avgReactionTime":0.4196999967098236,"totalPunchNum":63.0}}