{"summary":{"score":3732.718994140625,"maxPunchSpeed":1.2231999635696412,"avgPunchSpeed":0.5450999736785889,"hitRate":80.95240020751953,"minReactionTime":0.3199000060558319,"avgReactionTime":0.48190000653266909,"totalPunchNum":63.0}}