{"summary":{"score":739.8900146484375,"maxPunchSpeed":0.7648000121116638,"avgPunchSpeed":0.4970000088214874,"hitRate":16.66670036315918,"minReactionTime":0.2800999879837036,"avgReactionTime":1.1958999633789063,"totalPunchNum":60.0}}