{"summary":{"score":5224.16015625,"maxPunchSpeed":0.7567999958992004,"avgPunchSpeed":0.5196999907493591,"hitRate":91.66670227050781,"minReactionTime":0.3327000141143799,"avgReactionTime":0.4472000002861023,"totalPunchNum":60.0}}