{"summary":{"score":5405.7001953125,"maxPunchSpeed":1.0025999546051026,"avgPunchSpeed":0.5945000052452087,"hitRate":88.70970153808594,"minReactionTime":0.29120001196861269,"avgReactionTime":0.4368000030517578,"totalPunchNum":62.0}}