{"summary":{"score":296.6000061035156,"maxPunchSpeed":0.8330000042915344,"avgPunchSpeed":0.49300000071525576,"hitRate":13.888899803161621,"minReactionTime":0.7411999702453613,"avgReactionTime":1.82669997215271,"totalPunchNum":36.0}}