{"summary":{"score":91.69999694824219,"maxPunchSpeed":0.44859999418258669,"avgPunchSpeed":0.41819998621940615,"hitRate":1.8518999814987183,"minReactionTime":1.5683000087738038,"avgReactionTime":2.1659998893737795,"totalPunchNum":108.0}}