{"summary":{"score":6340.68310546875,"maxPunchSpeed":0.8043000102043152,"avgPunchSpeed":0.49390000104904177,"hitRate":100.0,"minReactionTime":0.3456999957561493,"avgReactionTime":0.4332999885082245,"totalPunchNum":57.0}}