{"summary":{"score":6514.7490234375,"maxPunchSpeed":1.8831000328063965,"avgPunchSpeed":0.968500018119812,"hitRate":71.42859649658203,"minReactionTime":0.18780000507831574,"avgReactionTime":0.396699994802475,"totalPunchNum":84.0}}