{"summary":{"score":4132.35986328125,"maxPunchSpeed":0.6664999723434448,"avgPunchSpeed":0.39890000224113467,"hitRate":96.42859649658203,"minReactionTime":0.33250001072883608,"avgReactionTime":0.4487000107765198,"totalPunchNum":56.0}}