{"summary":{"score":4131.9912109375,"maxPunchSpeed":1.669700026512146,"avgPunchSpeed":0.8597000241279602,"hitRate":30.081300735473634,"minReactionTime":0.10570000112056732,"avgReactionTime":0.7113999724388123,"totalPunchNum":123.0}}