{"summary":{"score":6323.61279296875,"maxPunchSpeed":1.7585999965667725,"avgPunchSpeed":0.8540999889373779,"hitRate":63.33330154418945,"minReactionTime":0.0934000015258789,"avgReactionTime":0.430400013923645,"totalPunchNum":90.0}}