{"summary":{"score":4877.27783203125,"maxPunchSpeed":0.6711999773979187,"avgPunchSpeed":0.35839998722076418,"hitRate":78.82350158691406,"minReactionTime":0.1501999944448471,"avgReactionTime":0.35440000891685488,"totalPunchNum":85.0}}