{"summary":{"score":3477.281005859375,"maxPunchSpeed":0.6284999847412109,"avgPunchSpeed":0.4198000133037567,"hitRate":90.7406997680664,"minReactionTime":0.33399999141693118,"avgReactionTime":0.5097000002861023,"totalPunchNum":54.0}}