{"summary":{"score":4061.821044921875,"maxPunchSpeed":1.3651000261306763,"avgPunchSpeed":0.7795000076293945,"hitRate":78.94740295410156,"minReactionTime":0.32010000944137576,"avgReactionTime":0.5623000264167786,"totalPunchNum":57.0}}