{"summary":{"score":527.9000854492188,"maxPunchSpeed":0.8557999730110169,"avgPunchSpeed":0.5227000117301941,"hitRate":78.26090240478516,"minReactionTime":0.8898000121116638,"avgReactionTime":1.5147000551223755,"totalPunchNum":23.0}}