{"summary":{"score":4754.47998046875,"maxPunchSpeed":0.6477000117301941,"avgPunchSpeed":0.34880000352859499,"hitRate":98.4126968383789,"minReactionTime":0.26350000500679018,"avgReactionTime":0.37940001487731936,"totalPunchNum":63.0}}