{"summary":{"score":5232.39892578125,"maxPunchSpeed":0.607699990272522,"avgPunchSpeed":0.36469998955726626,"hitRate":88.0,"minReactionTime":0.17829999327659608,"avgReactionTime":0.35030001401901247,"totalPunchNum":75.0}}