{"summary":{"score":2981.8798828125,"maxPunchSpeed":0.6608999967575073,"avgPunchSpeed":0.421099990606308,"hitRate":93.87760162353516,"minReactionTime":0.3441999852657318,"avgReactionTime":0.550599992275238,"totalPunchNum":49.0}}