{"summary":{"score":9160.3046875,"maxPunchSpeed":1.5442999601364136,"avgPunchSpeed":0.8202999830245972,"hitRate":100.0,"minReactionTime":0.26460000872612,"avgReactionTime":0.3603000044822693,"totalPunchNum":66.0}}