{"summary":{"score":6037.1337890625,"maxPunchSpeed":1.6068999767303467,"avgPunchSpeed":1.0032999515533448,"hitRate":30.588199615478517,"minReactionTime":0.012500000186264515,"avgReactionTime":0.462799996137619,"totalPunchNum":170.0}}