{"summary":{"score":4082.47412109375,"maxPunchSpeed":1.378000020980835,"avgPunchSpeed":0.7106999754905701,"hitRate":61.194000244140628,"minReactionTime":0.25270000100135805,"avgReactionTime":0.5202999711036682,"totalPunchNum":67.0}}