{"summary":{"score":1410.1600341796875,"maxPunchSpeed":0.8170999884605408,"avgPunchSpeed":0.5371000170707703,"hitRate":89.65519714355469,"minReactionTime":0.483599990606308,"avgReactionTime":1.0498000383377076,"totalPunchNum":29.0}}