{"summary":{"score":5334.94482421875,"maxPunchSpeed":2.159899950027466,"avgPunchSpeed":0.9847000241279602,"hitRate":78.125,"minReactionTime":0.29109999537467959,"avgReactionTime":0.489300012588501,"totalPunchNum":64.0}}