{"summary":{"score":5542.51904296875,"maxPunchSpeed":1.3561999797821046,"avgPunchSpeed":0.5587999820709229,"hitRate":73.17070007324219,"minReactionTime":0.1670999974012375,"avgReactionTime":0.3993000090122223,"totalPunchNum":82.0}}