{"summary":{"score":3675.529052734375,"maxPunchSpeed":6.533999919891357,"avgPunchSpeed":0.8061000108718872,"hitRate":65.57379913330078,"minReactionTime":0.28790000081062319,"avgReactionTime":0.6435999870300293,"totalPunchNum":61.0}}