{"summary":{"score":3455.178955078125,"maxPunchSpeed":0.9552000164985657,"avgPunchSpeed":0.5292999744415283,"hitRate":75.40979766845703,"minReactionTime":0.3357999920845032,"avgReactionTime":0.5485000014305115,"totalPunchNum":61.0}}