{"summary":{"score":4932.90087890625,"maxPunchSpeed":0.8094000220298767,"avgPunchSpeed":0.41359999775886538,"hitRate":95.08200073242188,"minReactionTime":0.2736999988555908,"avgReactionTime":0.40310001373291018,"totalPunchNum":61.0}}