{"summary":{"score":1074.2049560546875,"maxPunchSpeed":0.8740000128746033,"avgPunchSpeed":0.5688999891281128,"hitRate":10.89109992980957,"minReactionTime":0.10520000010728836,"avgReactionTime":0.9674000144004822,"totalPunchNum":101.0}}