{"summary":{"score":625.2401123046875,"maxPunchSpeed":0.5874000191688538,"avgPunchSpeed":0.41350001096725466,"hitRate":5.691100120544434,"minReactionTime":0.19339999556541444,"avgReactionTime":0.6230000257492065,"totalPunchNum":123.0}}