{"summary":{"score":3326.299072265625,"maxPunchSpeed":0.8784999847412109,"avgPunchSpeed":0.5055000185966492,"hitRate":100.0,"minReactionTime":0.3443000018596649,"avgReactionTime":0.5669999718666077,"totalPunchNum":45.0}}