{"summary":{"score":5483.7177734375,"maxPunchSpeed":1.010699987411499,"avgPunchSpeed":0.5521000027656555,"hitRate":83.09860229492188,"minReactionTime":0.27799999713897707,"avgReactionTime":0.39719998836517336,"totalPunchNum":71.0}}