{"summary":{"score":2165.4599609375,"maxPunchSpeed":1.8517999649047852,"avgPunchSpeed":1.1837999820709229,"hitRate":8.837200164794922,"minReactionTime":0.10350000113248825,"avgReactionTime":0.8446999788284302,"totalPunchNum":215.0}}