{"summary":{"score":4799.0,"maxPunchSpeed":0.9613000154495239,"avgPunchSpeed":0.541700005531311,"hitRate":98.03919982910156,"minReactionTime":0.361299991607666,"avgReactionTime":0.4936000108718872,"totalPunchNum":51.0}}