{"summary":{"score":2905.22998046875,"maxPunchSpeed":0.6065999865531921,"avgPunchSpeed":0.3718000054359436,"hitRate":95.74469757080078,"minReactionTime":0.37470000982284548,"avgReactionTime":0.5468999743461609,"totalPunchNum":47.0}}