{"summary":{"score":6923.14599609375,"maxPunchSpeed":1.0392999649047852,"avgPunchSpeed":0.5388000011444092,"hitRate":92.85710144042969,"minReactionTime":0.19529999792575837,"avgReactionTime":0.3675999939441681,"totalPunchNum":70.0}}