{"summary":{"score":4659.43505859375,"maxPunchSpeed":1.409000039100647,"avgPunchSpeed":0.7396000027656555,"hitRate":43.689300537109378,"minReactionTime":0.1662999987602234,"avgReactionTime":0.5586000084877014,"totalPunchNum":103.0}}