{"summary":{"score":4875.67919921875,"maxPunchSpeed":1.0455000400543213,"avgPunchSpeed":0.8216000199317932,"hitRate":90.0,"minReactionTime":0.3758000135421753,"avgReactionTime":0.5619000196456909,"totalPunchNum":50.0}}