{"summary":{"score":4506.25,"maxPunchSpeed":0.732699990272522,"avgPunchSpeed":0.4269999861717224,"hitRate":98.18180084228516,"minReactionTime":0.2651999890804291,"avgReactionTime":0.4530999958515167,"totalPunchNum":55.0}}