{"summary":{"score":3591.823974609375,"maxPunchSpeed":1.8063000440597535,"avgPunchSpeed":0.7843999862670898,"hitRate":78.431396484375,"minReactionTime":0.32120001316070559,"avgReactionTime":0.6514000296592712,"totalPunchNum":51.0}}