{"summary":{"score":650.4600219726563,"maxPunchSpeed":0.45010000467300417,"avgPunchSpeed":0.2757999897003174,"hitRate":93.75,"minReactionTime":0.5149000287055969,"avgReactionTime":0.8870000243186951,"totalPunchNum":32.0}}