{"summary":{"score":4201.87109375,"maxPunchSpeed":1.4337999820709229,"avgPunchSpeed":0.671999990940094,"hitRate":13.240400314331055,"minReactionTime":0.04100000113248825,"avgReactionTime":0.5771999955177307,"totalPunchNum":287.0}}