{"summary":{"score":4268.31982421875,"maxPunchSpeed":0.6873000264167786,"avgPunchSpeed":0.36820000410079958,"hitRate":98.24559783935547,"minReactionTime":0.3012999892234802,"avgReactionTime":0.43140000104904177,"totalPunchNum":57.0}}