{"summary":{"score":5609.37890625,"maxPunchSpeed":1.152500033378601,"avgPunchSpeed":0.592199981212616,"hitRate":91.93550109863281,"minReactionTime":0.29260000586509707,"avgReactionTime":0.4214000105857849,"totalPunchNum":62.0}}