{"summary":{"score":6571.39794921875,"maxPunchSpeed":2.0130999088287355,"avgPunchSpeed":1.3336000442504883,"hitRate":84.61540222167969,"minReactionTime":0.2777999937534332,"avgReactionTime":0.4438999891281128,"totalPunchNum":65.0}}