{"summary":{"score":113.30000305175781,"maxPunchSpeed":0.538100004196167,"avgPunchSpeed":0.538100004196167,"hitRate":0.31850001215934756,"minReactionTime":0.03220000118017197,"avgReactionTime":0.03220000118017197,"totalPunchNum":314.0}}