{"summary":{"score":3551.340087890625,"maxPunchSpeed":1.0795999765396119,"avgPunchSpeed":0.4941999912261963,"hitRate":92.45279693603516,"minReactionTime":0.39169999957084658,"avgReactionTime":0.5067999958992004,"totalPunchNum":53.0}}