{"summary":{"score":2361.639892578125,"maxPunchSpeed":0.8659999966621399,"avgPunchSpeed":0.5252000093460083,"hitRate":77.27269744873047,"minReactionTime":0.4325999915599823,"avgReactionTime":0.7699000239372253,"totalPunchNum":44.0}}