{"summary":{"score":3031.5009765625,"maxPunchSpeed":0.9340999722480774,"avgPunchSpeed":0.4512999951839447,"hitRate":90.90910339355469,"minReactionTime":0.41670000553131106,"avgReactionTime":0.6498000025749207,"totalPunchNum":44.0}}