{"summary":{"score":1217.3800048828125,"maxPunchSpeed":0.7459999918937683,"avgPunchSpeed":0.40849998593330386,"hitRate":70.0,"minReactionTime":0.4713999927043915,"avgReactionTime":0.9623000025749207,"totalPunchNum":40.0}}