{"summary":{"score":3072.908935546875,"maxPunchSpeed":0.5123999714851379,"avgPunchSpeed":0.30649998784065249,"hitRate":57.89469909667969,"minReactionTime":0.0869000032544136,"avgReactionTime":0.5716000199317932,"totalPunchNum":76.0}}