{"summary":{"score":1637.0999755859375,"maxPunchSpeed":0.5421000123023987,"avgPunchSpeed":0.37549999356269839,"hitRate":97.43589782714844,"minReactionTime":0.37529999017715456,"avgReactionTime":0.6952000260353088,"totalPunchNum":39.0}}