{"summary":{"score":2741.840087890625,"maxPunchSpeed":1.4230999946594239,"avgPunchSpeed":0.7975000143051148,"hitRate":74.4186019897461,"minReactionTime":0.4602999985218048,"avgReactionTime":0.8256000280380249,"totalPunchNum":43.0}}