{"summary":{"score":3876.56591796875,"maxPunchSpeed":1.426800012588501,"avgPunchSpeed":0.7168999910354614,"hitRate":20.114900588989259,"minReactionTime":0.0142000000923872,"avgReactionTime":0.7573999762535095,"totalPunchNum":174.0}}