{"summary":{"score":5960.64013671875,"maxPunchSpeed":1.5468000173568726,"avgPunchSpeed":0.6026999950408936,"hitRate":80.55560302734375,"minReactionTime":0.23579999804496766,"avgReactionTime":0.39879998564720156,"totalPunchNum":72.0}}