{"summary":{"score":6323.9150390625,"maxPunchSpeed":1.1900999546051026,"avgPunchSpeed":0.5613999962806702,"hitRate":89.8551025390625,"minReactionTime":0.2320999950170517,"avgReactionTime":0.3799999952316284,"totalPunchNum":69.0}}