{"summary":{"score":5691.7822265625,"maxPunchSpeed":0.9599000215530396,"avgPunchSpeed":0.588100016117096,"hitRate":100.0,"minReactionTime":0.3481999933719635,"avgReactionTime":0.48500001430511477,"totalPunchNum":51.0}}