{"summary":{"score":4527.880859375,"maxPunchSpeed":0.858299970626831,"avgPunchSpeed":0.4749999940395355,"hitRate":89.83049774169922,"minReactionTime":0.28630000352859499,"avgReactionTime":0.45570001006126406,"totalPunchNum":59.0}}