{"summary":{"score":928.0900268554688,"maxPunchSpeed":0.5307999849319458,"avgPunchSpeed":0.4641000032424927,"hitRate":7.627099990844727,"minReactionTime":0.04179999977350235,"avgReactionTime":0.5210999846458435,"totalPunchNum":118.0}}