{"summary":{"score":1590.550048828125,"maxPunchSpeed":0.5702000260353088,"avgPunchSpeed":0.35179999470710757,"hitRate":92.68289947509766,"minReactionTime":0.34709998965263369,"avgReactionTime":0.6887000203132629,"totalPunchNum":41.0}}