{"summary":{"score":7091.033203125,"maxPunchSpeed":1.582800030708313,"avgPunchSpeed":0.921500027179718,"hitRate":82.43240356445313,"minReactionTime":0.2046000063419342,"avgReactionTime":0.38830000162124636,"totalPunchNum":74.0}}