{"summary":{"score":3974.10107421875,"maxPunchSpeed":1.1413999795913697,"avgPunchSpeed":0.4560000002384186,"hitRate":89.65519714355469,"minReactionTime":0.30469998717308047,"avgReactionTime":0.4742000102996826,"totalPunchNum":58.0}}