{"summary":{"score":4392.55517578125,"maxPunchSpeed":1.437000036239624,"avgPunchSpeed":0.7537999749183655,"hitRate":31.00779914855957,"minReactionTime":0.06520000100135803,"avgReactionTime":0.5335999727249146,"totalPunchNum":129.0}}