{"summary":{"score":1732.0799560546875,"maxPunchSpeed":0.9768000245094299,"avgPunchSpeed":0.515500009059906,"hitRate":83.33329772949219,"minReactionTime":0.5924999713897705,"avgReactionTime":0.8773999810218811,"totalPunchNum":36.0}}