{"summary":{"score":1464.6600341796875,"maxPunchSpeed":1.1663000583648682,"avgPunchSpeed":0.7559000253677368,"hitRate":64.0,"minReactionTime":0.4000999927520752,"avgReactionTime":0.5406000018119812,"totalPunchNum":25.0}}