{"summary":{"score":3646.860107421875,"maxPunchSpeed":0.7080000042915344,"avgPunchSpeed":0.32330000400543215,"hitRate":95.0,"minReactionTime":0.2897000014781952,"avgReactionTime":0.414900004863739,"totalPunchNum":60.0}}