{"summary":{"score":1672.8499755859375,"maxPunchSpeed":0.8600000143051148,"avgPunchSpeed":0.3968999981880188,"hitRate":100.0,"minReactionTime":0.44769999384880068,"avgReactionTime":0.7257999777793884,"totalPunchNum":35.0}}