{"summary":{"score":2266.929931640625,"maxPunchSpeed":0.5922999978065491,"avgPunchSpeed":0.3628999888896942,"hitRate":95.45449829101563,"minReactionTime":0.41999998688697817,"avgReactionTime":0.6022999882698059,"totalPunchNum":44.0}}