{"summary":{"score":2989.25,"maxPunchSpeed":2.490600109100342,"avgPunchSpeed":1.2299000024795533,"hitRate":13.54170036315918,"minReactionTime":0.013100000098347664,"avgReactionTime":0.8170999884605408,"totalPunchNum":192.0}}