{"summary":{"score":2579.698974609375,"maxPunchSpeed":0.5074999928474426,"avgPunchSpeed":0.3508000075817108,"hitRate":40.476200103759769,"minReactionTime":0.11159999668598175,"avgReactionTime":0.6563000082969666,"totalPunchNum":84.0}}