{"summary":{"score":2704.840087890625,"maxPunchSpeed":0.6840000152587891,"avgPunchSpeed":0.36000001430511477,"hitRate":90.56600189208985,"minReactionTime":0.34790000319480898,"avgReactionTime":0.5218999981880188,"totalPunchNum":53.0}}