{"summary":{"score":6669.2509765625,"maxPunchSpeed":0.9790999889373779,"avgPunchSpeed":0.5385000109672546,"hitRate":91.42859649658203,"minReactionTime":0.2386000007390976,"avgReactionTime":0.36719998717308047,"totalPunchNum":70.0}}