{"summary":{"score":6760.9521484375,"maxPunchSpeed":1.219499945640564,"avgPunchSpeed":0.7591999769210815,"hitRate":96.61019897460938,"minReactionTime":0.2944999933242798,"avgReactionTime":0.42419999837875368,"totalPunchNum":59.0}}