{"summary":{"score":2046.469970703125,"maxPunchSpeed":0.8119000196456909,"avgPunchSpeed":0.4742000102996826,"hitRate":94.59459686279297,"minReactionTime":0.4722999930381775,"avgReactionTime":0.7409999966621399,"totalPunchNum":37.0}}