{"summary":{"score":3624.0,"maxPunchSpeed":0.7240999937057495,"avgPunchSpeed":0.5213000178337097,"hitRate":89.7958984375,"minReactionTime":0.3018999993801117,"avgReactionTime":0.5760999917984009,"totalPunchNum":49.0}}