{"summary":{"score":5022.2822265625,"maxPunchSpeed":0.7038000226020813,"avgPunchSpeed":0.4036000072956085,"hitRate":100.0,"minReactionTime":0.29330000281333926,"avgReactionTime":0.4244000017642975,"totalPunchNum":57.0}}