{"summary":{"score":2182.610107421875,"maxPunchSpeed":0.6862999796867371,"avgPunchSpeed":0.517300009727478,"hitRate":67.44190216064453,"minReactionTime":0.3610999882221222,"avgReactionTime":0.7745000123977661,"totalPunchNum":43.0}}