{"summary":{"score":5393.0791015625,"maxPunchSpeed":1.323799967765808,"avgPunchSpeed":0.6992999911308289,"hitRate":83.33329772949219,"minReactionTime":0.27160000801086428,"avgReactionTime":0.4537999927997589,"totalPunchNum":66.0}}