{"summary":{"score":2032.43994140625,"maxPunchSpeed":1.2922999858856202,"avgPunchSpeed":0.76910001039505,"hitRate":82.85710144042969,"minReactionTime":0.598800003528595,"avgReactionTime":0.9107999801635742,"totalPunchNum":35.0}}