{"summary":{"score":2475.610107421875,"maxPunchSpeed":1.7973999977111817,"avgPunchSpeed":0.9189000129699707,"hitRate":11.956500053405762,"minReactionTime":0.0917000025510788,"avgReactionTime":1.0413999557495118,"totalPunchNum":184.0}}