{"summary":{"score":1935.0999755859375,"maxPunchSpeed":1.0889999866485596,"avgPunchSpeed":0.5461000204086304,"hitRate":100.0,"minReactionTime":0.34790000319480898,"avgReactionTime":0.8245000243186951,"totalPunchNum":32.0}}