{"summary":{"score":4925.4501953125,"maxPunchSpeed":1.3021999597549439,"avgPunchSpeed":0.7649000287055969,"hitRate":65.75340270996094,"minReactionTime":0.25440001487731936,"avgReactionTime":0.5220999717712402,"totalPunchNum":73.0}}