{"summary":{"score":5207.68017578125,"maxPunchSpeed":0.9135000109672546,"avgPunchSpeed":0.46970000863075259,"hitRate":83.33329772949219,"minReactionTime":0.2872999906539917,"avgReactionTime":0.3977000117301941,"totalPunchNum":72.0}}