{"summary":{"score":4057.429931640625,"maxPunchSpeed":1.1109000444412232,"avgPunchSpeed":0.642300009727478,"hitRate":64.1791000366211,"minReactionTime":0.27399998903274538,"avgReactionTime":0.5932000279426575,"totalPunchNum":67.0}}