{"summary":{"score":2392.820068359375,"maxPunchSpeed":1.073799967765808,"avgPunchSpeed":0.5302000045776367,"hitRate":64.40679931640625,"minReactionTime":0.4733000099658966,"avgReactionTime":0.6869000196456909,"totalPunchNum":59.0}}