{"summary":{"score":3413.02099609375,"maxPunchSpeed":0.661300003528595,"avgPunchSpeed":0.4180999994277954,"hitRate":97.95919799804688,"minReactionTime":0.3199000060558319,"avgReactionTime":0.5084999799728394,"totalPunchNum":49.0}}