{"summary":{"score":7008.09814453125,"maxPunchSpeed":1.8674999475479127,"avgPunchSpeed":0.8378999829292297,"hitRate":78.75,"minReactionTime":0.23569999635219575,"avgReactionTime":0.3741999864578247,"totalPunchNum":80.0}}