{"summary":{"score":1953.0999755859375,"maxPunchSpeed":0.6696000099182129,"avgPunchSpeed":0.5008999705314636,"hitRate":88.23529815673828,"minReactionTime":0.4440999925136566,"avgReactionTime":0.899399995803833,"totalPunchNum":34.0}}