{"summary":{"score":1720.3599853515625,"maxPunchSpeed":0.5439000129699707,"avgPunchSpeed":0.35690000653266909,"hitRate":73.91300201416016,"minReactionTime":0.33480000495910647,"avgReactionTime":0.6583999991416931,"totalPunchNum":46.0}}