{"summary":{"score":3316.200927734375,"maxPunchSpeed":0.5695000290870667,"avgPunchSpeed":0.37119999527931216,"hitRate":94.339599609375,"minReactionTime":0.33959999680519106,"avgReactionTime":0.48660001158714297,"totalPunchNum":53.0}}