{"summary":{"score":1272.97998046875,"maxPunchSpeed":0.6771000027656555,"avgPunchSpeed":0.38179999589920046,"hitRate":100.0,"minReactionTime":0.6470999717712402,"avgReactionTime":0.7914000153541565,"totalPunchNum":33.0}}