{"summary":{"score":4951.2099609375,"maxPunchSpeed":3.72160005569458,"avgPunchSpeed":1.264299988746643,"hitRate":61.643798828125,"minReactionTime":0.272599995136261,"avgReactionTime":0.5697000026702881,"totalPunchNum":73.0}}