{"summary":{"score":3335.6689453125,"maxPunchSpeed":1.1480000019073487,"avgPunchSpeed":0.6380000114440918,"hitRate":89.13040161132813,"minReactionTime":0.40059998631477358,"avgReactionTime":0.6207000017166138,"totalPunchNum":46.0}}