{"summary":{"score":3941.139892578125,"maxPunchSpeed":0.6798999905586243,"avgPunchSpeed":0.38089999556541445,"hitRate":77.27269744873047,"minReactionTime":0.262800008058548,"avgReactionTime":0.4799000024795532,"totalPunchNum":66.0}}