{"summary":{"score":6114.080078125,"maxPunchSpeed":0.6926000118255615,"avgPunchSpeed":0.39340001344680788,"hitRate":60.176998138427737,"minReactionTime":0.041099999099969867,"avgReactionTime":0.34520000219345095,"totalPunchNum":113.0}}