{"summary":{"score":1567.1800537109375,"maxPunchSpeed":2.344399929046631,"avgPunchSpeed":0.4165000021457672,"hitRate":66.66670227050781,"minReactionTime":0.2476000040769577,"avgReactionTime":0.8288000226020813,"totalPunchNum":48.0}}