{"summary":{"score":1448.6800537109375,"maxPunchSpeed":1.106600046157837,"avgPunchSpeed":0.6534000039100647,"hitRate":44.23080062866211,"minReactionTime":0.5098000168800354,"avgReactionTime":1.190600037574768,"totalPunchNum":52.0}}