{"summary":{"score":2334.77001953125,"maxPunchSpeed":0.6771000027656555,"avgPunchSpeed":0.4442000091075897,"hitRate":82.60870361328125,"minReactionTime":0.4023999869823456,"avgReactionTime":0.6833000183105469,"totalPunchNum":46.0}}