{"summary":{"score":6639.37890625,"maxPunchSpeed":1.1723999977111817,"avgPunchSpeed":0.6748999953269959,"hitRate":93.65080261230469,"minReactionTime":0.23919999599456788,"avgReactionTime":0.39640000462532046,"totalPunchNum":63.0}}