{"summary":{"score":1297.72998046875,"maxPunchSpeed":1.4819999933242798,"avgPunchSpeed":0.9164000153541565,"hitRate":13.33329963684082,"minReactionTime":0.23919999599456788,"avgReactionTime":1.017799973487854,"totalPunchNum":90.0}}