{"summary":{"score":3585.2958984375,"maxPunchSpeed":1.3746999502182007,"avgPunchSpeed":0.8600000143051148,"hitRate":10.389599800109864,"minReactionTime":0.09380000084638596,"avgReactionTime":0.8424999713897705,"totalPunchNum":308.0}}