{"summary":{"score":2624.39990234375,"maxPunchSpeed":0.9833999872207642,"avgPunchSpeed":0.5113000273704529,"hitRate":88.37210083007813,"minReactionTime":0.31679999828338625,"avgReactionTime":0.6766999959945679,"totalPunchNum":43.0}}