{"summary":{"score":4046.89990234375,"maxPunchSpeed":0.8859000205993652,"avgPunchSpeed":0.5080999732017517,"hitRate":85.24590301513672,"minReactionTime":0.26100000739097597,"avgReactionTime":0.4788999855518341,"totalPunchNum":61.0}}