{"summary":{"score":6474.06494140625,"maxPunchSpeed":1.1104999780654908,"avgPunchSpeed":0.5914999842643738,"hitRate":96.66670227050781,"minReactionTime":0.2773999869823456,"avgReactionTime":0.39640000462532046,"totalPunchNum":60.0}}