{"summary":{"score":3042.6201171875,"maxPunchSpeed":0.6775000095367432,"avgPunchSpeed":0.5171999931335449,"hitRate":95.34880065917969,"minReactionTime":0.5030999779701233,"avgReactionTime":0.6180999875068665,"totalPunchNum":43.0}}