{"summary":{"score":5047.44482421875,"maxPunchSpeed":1.4457999467849732,"avgPunchSpeed":0.845300018787384,"hitRate":93.87760162353516,"minReactionTime":0.3504999876022339,"avgReactionTime":0.5349000096321106,"totalPunchNum":49.0}}