{"summary":{"score":1564.1600341796875,"maxPunchSpeed":0.7764999866485596,"avgPunchSpeed":0.36340001225471499,"hitRate":84.61540222167969,"minReactionTime":0.4447999894618988,"avgReactionTime":0.802299976348877,"totalPunchNum":39.0}}