{"summary":{"score":2663.43994140625,"maxPunchSpeed":0.6931999921798706,"avgPunchSpeed":0.43810001015663149,"hitRate":80.0,"minReactionTime":0.36059999465942385,"avgReactionTime":0.6430000066757202,"totalPunchNum":50.0}}