{"summary":{"score":5259.4091796875,"maxPunchSpeed":1.059499979019165,"avgPunchSpeed":0.48890000581741335,"hitRate":58.25239944458008,"minReactionTime":0.13169999420642854,"avgReactionTime":0.3950999975204468,"totalPunchNum":103.0}}