{"summary":{"score":1010.8400268554688,"maxPunchSpeed":0.6078000068664551,"avgPunchSpeed":0.32899999618530276,"hitRate":56.25,"minReactionTime":0.3481000065803528,"avgReactionTime":0.9700000286102295,"totalPunchNum":48.0}}