{"summary":{"score":4702.5810546875,"maxPunchSpeed":0.7287999987602234,"avgPunchSpeed":0.4049000144004822,"hitRate":96.55169677734375,"minReactionTime":0.2782999873161316,"avgReactionTime":0.43050000071525576,"totalPunchNum":58.0}}