{"summary":{"score":804.960205078125,"maxPunchSpeed":0.4059999883174896,"avgPunchSpeed":0.23420000076293946,"hitRate":94.59459686279297,"minReactionTime":0.38999998569488528,"avgReactionTime":0.7437000274658203,"totalPunchNum":37.0}}