{"summary":{"score":6636.80419921875,"maxPunchSpeed":2.9309000968933107,"avgPunchSpeed":0.9175999760627747,"hitRate":78.48100280761719,"minReactionTime":0.25429999828338625,"avgReactionTime":0.38190001249313357,"totalPunchNum":79.0}}