{"summary":{"score":2798.64111328125,"maxPunchSpeed":0.8274999856948853,"avgPunchSpeed":0.5012000203132629,"hitRate":62.069000244140628,"minReactionTime":0.30489999055862429,"avgReactionTime":0.48809999227523806,"totalPunchNum":58.0}}