{"summary":{"score":51.5,"maxPunchSpeed":0.2687999904155731,"avgPunchSpeed":0.24269999563694,"hitRate":2.941200017929077,"minReactionTime":0.5830000042915344,"avgReactionTime":0.7612000107765198,"totalPunchNum":68.0}}