{"summary":{"score":6781.7509765625,"maxPunchSpeed":1.1598999500274659,"avgPunchSpeed":0.6980000138282776,"hitRate":98.24559783935547,"minReactionTime":0.29319998621940615,"avgReactionTime":0.41499999165534975,"totalPunchNum":57.0}}