{"summary":{"score":2806.639892578125,"maxPunchSpeed":0.6639000177383423,"avgPunchSpeed":0.3433000147342682,"hitRate":81.03450012207031,"minReactionTime":0.2371000051498413,"avgReactionTime":0.5206999778747559,"totalPunchNum":58.0}}