{"summary":{"score":5322.009765625,"maxPunchSpeed":1.267899990081787,"avgPunchSpeed":0.592199981212616,"hitRate":91.52539825439453,"minReactionTime":0.26489999890327456,"avgReactionTime":0.44510000944137576,"totalPunchNum":59.0}}