{"summary":{"score":3527.64990234375,"maxPunchSpeed":0.9466000199317932,"avgPunchSpeed":0.5073000192642212,"hitRate":88.23529815673828,"minReactionTime":0.2953000068664551,"avgReactionTime":0.5408999919891357,"totalPunchNum":51.0}}