{"summary":{"score":1024.97998046875,"maxPunchSpeed":0.6384999752044678,"avgPunchSpeed":0.3109000027179718,"hitRate":97.05879974365235,"minReactionTime":0.5690000057220459,"avgReactionTime":0.7893999814987183,"totalPunchNum":34.0}}