{"summary":{"score":2381.820068359375,"maxPunchSpeed":0.6823999881744385,"avgPunchSpeed":0.45329999923706057,"hitRate":78.26090240478516,"minReactionTime":0.31690001487731936,"avgReactionTime":0.7246999740600586,"totalPunchNum":46.0}}