{"summary":{"score":1885.56005859375,"maxPunchSpeed":0.8769000172615051,"avgPunchSpeed":0.48590001463890078,"hitRate":93.93939971923828,"minReactionTime":0.4018000066280365,"avgReactionTime":0.8743000030517578,"totalPunchNum":33.0}}