{"summary":{"score":259.1199951171875,"maxPunchSpeed":0.6650000214576721,"avgPunchSpeed":0.3521000146865845,"hitRate":29.411800384521486,"minReactionTime":0.833299994468689,"avgReactionTime":1.559999942779541,"totalPunchNum":34.0}}