{"summary":{"score":4233.3017578125,"maxPunchSpeed":0.7279000282287598,"avgPunchSpeed":0.39579999446868899,"hitRate":100.0,"minReactionTime":0.34360000491142275,"avgReactionTime":0.45660001039505007,"totalPunchNum":54.0}}