{"summary":{"score":2478.179931640625,"maxPunchSpeed":0.46399998664855959,"avgPunchSpeed":0.24629999697208405,"hitRate":100.0,"minReactionTime":0.29280000925064089,"avgReactionTime":0.4244000017642975,"totalPunchNum":56.0}}