{"summary":{"score":1906.760009765625,"maxPunchSpeed":0.6944000124931336,"avgPunchSpeed":0.4894999861717224,"hitRate":91.66670227050781,"minReactionTime":0.47189998626708987,"avgReactionTime":0.8047000169754028,"totalPunchNum":36.0}}