{"summary":{"score":4800.8291015625,"maxPunchSpeed":0.9323999881744385,"avgPunchSpeed":0.46480000019073489,"hitRate":87.69229888916016,"minReactionTime":0.30300000309944155,"avgReactionTime":0.414000004529953,"totalPunchNum":65.0}}