{"summary":{"score":4447.5400390625,"maxPunchSpeed":0.9905999898910523,"avgPunchSpeed":0.49939998984336855,"hitRate":88.70970153808594,"minReactionTime":0.28439998626708987,"avgReactionTime":0.41909998655319216,"totalPunchNum":62.0}}