{"summary":{"score":6552.8388671875,"maxPunchSpeed":1.4428000450134278,"avgPunchSpeed":0.7440000176429749,"hitRate":88.23529815673828,"minReactionTime":0.24140000343322755,"avgReactionTime":0.3993000090122223,"totalPunchNum":68.0}}