{"summary":{"score":3901.698974609375,"maxPunchSpeed":0.9065999984741211,"avgPunchSpeed":0.6474000215530396,"hitRate":84.90570068359375,"minReactionTime":0.36000001430511477,"avgReactionTime":0.5562999844551086,"totalPunchNum":53.0}}