{"summary":{"score":7436.0859375,"maxPunchSpeed":2.5223000049591066,"avgPunchSpeed":0.7250999808311462,"hitRate":98.38710021972656,"minReactionTime":0.02850000001490116,"avgReactionTime":0.3946000039577484,"totalPunchNum":62.0}}