{"summary":{"score":2429.580078125,"maxPunchSpeed":1.1509000062942505,"avgPunchSpeed":0.4749000072479248,"hitRate":66.66670227050781,"minReactionTime":0.3483999967575073,"avgReactionTime":0.6863999962806702,"totalPunchNum":57.0}}