{"summary":{"score":5611.9541015625,"maxPunchSpeed":1.81659996509552,"avgPunchSpeed":0.7531999945640564,"hitRate":94.54550170898438,"minReactionTime":0.3345000147819519,"avgReactionTime":0.4595000147819519,"totalPunchNum":55.0}}