{"summary":{"score":4169.39892578125,"maxPunchSpeed":1.0437999963760377,"avgPunchSpeed":0.6700999736785889,"hitRate":70.96769714355469,"minReactionTime":0.2782000005245209,"avgReactionTime":0.5827999711036682,"totalPunchNum":62.0}}