{"summary":{"score":1981.469970703125,"maxPunchSpeed":1.877500057220459,"avgPunchSpeed":0.7319999933242798,"hitRate":50.0,"minReactionTime":0.36820000410079958,"avgReactionTime":0.8048999905586243,"totalPunchNum":48.0}}