{"summary":{"score":5892.62890625,"maxPunchSpeed":1.7760000228881837,"avgPunchSpeed":0.7699000239372253,"hitRate":91.80329895019531,"minReactionTime":0.31839999556541445,"avgReactionTime":0.43849998712539675,"totalPunchNum":61.0}}