{"summary":{"score":985.9401245117188,"maxPunchSpeed":0.4117000102996826,"avgPunchSpeed":0.2896000146865845,"hitRate":96.77420043945313,"minReactionTime":0.46380001306533816,"avgReactionTime":0.8600000143051148,"totalPunchNum":31.0}}