{"summary":{"score":8745.73046875,"maxPunchSpeed":1.0938999652862549,"avgPunchSpeed":0.6822999715805054,"hitRate":95.83329772949219,"minReactionTime":0.16290000081062318,"avgReactionTime":0.3319000005722046,"totalPunchNum":72.0}}