{"summary":{"score":4772.22119140625,"maxPunchSpeed":1.0109000205993653,"avgPunchSpeed":0.5968000292778015,"hitRate":90.90910339355469,"minReactionTime":0.3441999852657318,"avgReactionTime":0.4934000074863434,"totalPunchNum":55.0}}