{"summary":{"score":563.22998046875,"maxPunchSpeed":2.4767000675201418,"avgPunchSpeed":1.1486999988555909,"hitRate":5.882400035858154,"minReactionTime":0.06989999860525131,"avgReactionTime":1.0785000324249268,"totalPunchNum":102.0}}