{"summary":{"score":2190.7099609375,"maxPunchSpeed":0.6801999807357788,"avgPunchSpeed":0.3246000111103058,"hitRate":95.6521987915039,"minReactionTime":0.4334999918937683,"avgReactionTime":0.5648000240325928,"totalPunchNum":46.0}}