{"summary":{"score":2560.341064453125,"maxPunchSpeed":0.9710999727249146,"avgPunchSpeed":0.4602999985218048,"hitRate":92.68289947509766,"minReactionTime":0.45980000495910647,"avgReactionTime":0.6875,"totalPunchNum":41.0}}