{"summary":{"score":3687.402099609375,"maxPunchSpeed":0.6330999732017517,"avgPunchSpeed":0.3734999895095825,"hitRate":98.03919982910156,"minReactionTime":0.3901999890804291,"avgReactionTime":0.4968000054359436,"totalPunchNum":51.0}}