{"summary":{"score":1665.260009765625,"maxPunchSpeed":0.7426000237464905,"avgPunchSpeed":0.43619999289512637,"hitRate":72.09300231933594,"minReactionTime":0.40369999408721926,"avgReactionTime":0.8734999895095825,"totalPunchNum":43.0}}