{"summary":{"score":1222.77001953125,"maxPunchSpeed":0.7427999973297119,"avgPunchSpeed":0.46209999918937685,"hitRate":76.92310333251953,"minReactionTime":0.4163999855518341,"avgReactionTime":0.8579999804496765,"totalPunchNum":26.0}}