{"summary":{"score":6029.62109375,"maxPunchSpeed":0.8292999863624573,"avgPunchSpeed":0.4968999922275543,"hitRate":92.42420196533203,"minReactionTime":0.2924000024795532,"avgReactionTime":0.390500009059906,"totalPunchNum":66.0}}