{"summary":{"score":5201.330078125,"maxPunchSpeed":1.240399956703186,"avgPunchSpeed":0.6818000078201294,"hitRate":90.90910339355469,"minReactionTime":0.3075000047683716,"avgReactionTime":0.4999000132083893,"totalPunchNum":55.0}}