{"summary":{"score":564.0701293945313,"maxPunchSpeed":0.5092999935150147,"avgPunchSpeed":0.3700999915599823,"hitRate":95.6521987915039,"minReactionTime":0.6819999814033508,"avgReactionTime":1.079300045967102,"totalPunchNum":23.0}}