{"summary":{"score":3649.06494140625,"maxPunchSpeed":1.406599998474121,"avgPunchSpeed":0.5410000085830689,"hitRate":71.875,"minReactionTime":0.1014999970793724,"avgReactionTime":0.5302000045776367,"totalPunchNum":64.0}}