{"summary":{"score":3209.48095703125,"maxPunchSpeed":0.984000027179718,"avgPunchSpeed":0.5213000178337097,"hitRate":100.0,"minReactionTime":0.47189998626708987,"avgReactionTime":0.6141999959945679,"totalPunchNum":42.0}}