{"summary":{"score":6103.68310546875,"maxPunchSpeed":1.0194000005722047,"avgPunchSpeed":0.5874000191688538,"hitRate":100.0,"minReactionTime":0.3041999936103821,"avgReactionTime":0.45980000495910647,"totalPunchNum":53.0}}