{"summary":{"score":5199.56787109375,"maxPunchSpeed":1.3885999917984009,"avgPunchSpeed":0.6891999840736389,"hitRate":77.94120025634766,"minReactionTime":0.1729000061750412,"avgReactionTime":0.4611000120639801,"totalPunchNum":68.0}}