{"summary":{"score":5388.56201171875,"maxPunchSpeed":0.7382000088691711,"avgPunchSpeed":0.4814999997615814,"hitRate":96.42859649658203,"minReactionTime":0.2892000079154968,"avgReactionTime":0.44190001487731936,"totalPunchNum":56.0}}