{"summary":{"score":5288.02001953125,"maxPunchSpeed":0.7728999853134155,"avgPunchSpeed":0.453000009059906,"hitRate":92.30770111083985,"minReactionTime":0.26350000500679018,"avgReactionTime":0.3853999972343445,"totalPunchNum":65.0}}