{"summary":{"score":4417.40087890625,"maxPunchSpeed":1.0403000116348267,"avgPunchSpeed":0.6341999769210815,"hitRate":97.82610321044922,"minReactionTime":0.33219999074935915,"avgReactionTime":0.5550000071525574,"totalPunchNum":46.0}}