{"summary":{"score":2662.56005859375,"maxPunchSpeed":0.9937999844551086,"avgPunchSpeed":0.704800009727478,"hitRate":79.48719787597656,"minReactionTime":0.3334999978542328,"avgReactionTime":0.8567000031471252,"totalPunchNum":39.0}}