{"summary":{"score":1481.949951171875,"maxPunchSpeed":1.1618000268936158,"avgPunchSpeed":0.5796999931335449,"hitRate":65.78949737548828,"minReactionTime":0.43130001425743105,"avgReactionTime":1.0664000511169434,"totalPunchNum":38.0}}