{"summary":{"score":5371.86376953125,"maxPunchSpeed":2.238800048828125,"avgPunchSpeed":0.8888999819755554,"hitRate":66.21620178222656,"minReactionTime":0.28049999475479128,"avgReactionTime":0.5110999941825867,"totalPunchNum":74.0}}