{"summary":{"score":4883.7041015625,"maxPunchSpeed":0.9962000250816345,"avgPunchSpeed":0.525600016117096,"hitRate":51.96080017089844,"minReactionTime":0.2409999966621399,"avgReactionTime":0.4593999981880188,"totalPunchNum":102.0}}