{"summary":{"score":2821.198974609375,"maxPunchSpeed":0.9172000288963318,"avgPunchSpeed":0.5752000212669373,"hitRate":97.56099700927735,"minReactionTime":0.45890000462532046,"avgReactionTime":0.6535000205039978,"totalPunchNum":41.0}}