{"summary":{"score":2155.050048828125,"maxPunchSpeed":1.780500054359436,"avgPunchSpeed":0.5774999856948853,"hitRate":71.7948989868164,"minReactionTime":0.29010000824928286,"avgReactionTime":0.677299976348877,"totalPunchNum":39.0}}