{"summary":{"score":2853.159912109375,"maxPunchSpeed":0.9957000017166138,"avgPunchSpeed":0.45339998602867129,"hitRate":93.61699676513672,"minReactionTime":0.4284000098705292,"avgReactionTime":0.5827000141143799,"totalPunchNum":47.0}}