{"summary":{"score":2812.929931640625,"maxPunchSpeed":0.4453999996185303,"avgPunchSpeed":0.28290000557899477,"hitRate":100.0,"minReactionTime":0.3628000020980835,"avgReactionTime":0.4674000144004822,"totalPunchNum":53.0}}