{"summary":{"score":1444.699951171875,"maxPunchSpeed":1.586400032043457,"avgPunchSpeed":1.208299994468689,"hitRate":11.017000198364258,"minReactionTime":0.05460000038146973,"avgReactionTime":1.0491000413894654,"totalPunchNum":118.0}}