{"summary":{"score":3667.635009765625,"maxPunchSpeed":1.0331000089645386,"avgPunchSpeed":0.560699999332428,"hitRate":36.44860076904297,"minReactionTime":0.016599999740719796,"avgReactionTime":0.5593000054359436,"totalPunchNum":107.0}}