{"summary":{"score":4178.69921875,"maxPunchSpeed":1.0641000270843506,"avgPunchSpeed":0.628000020980835,"hitRate":55.12820053100586,"minReactionTime":0.18240000307559968,"avgReactionTime":0.5870000123977661,"totalPunchNum":78.0}}