{"summary":{"score":6531.72509765625,"maxPunchSpeed":1.8310999870300294,"avgPunchSpeed":0.8952999711036682,"hitRate":81.08110046386719,"minReactionTime":0.23589999973773957,"avgReactionTime":0.400299996137619,"totalPunchNum":74.0}}