{"summary":{"score":4172.52880859375,"maxPunchSpeed":0.7354000210762024,"avgPunchSpeed":0.4350999891757965,"hitRate":87.30159759521485,"minReactionTime":0.31529998779296877,"avgReactionTime":0.43540000915527346,"totalPunchNum":63.0}}