{"summary":{"score":3363.0791015625,"maxPunchSpeed":0.8134999871253967,"avgPunchSpeed":0.46399998664855959,"hitRate":97.87229919433594,"minReactionTime":0.34850001335144045,"avgReactionTime":0.5421000123023987,"totalPunchNum":47.0}}