{"summary":{"score":3057.970947265625,"maxPunchSpeed":0.7217000126838684,"avgPunchSpeed":0.41999998688697817,"hitRate":100.0,"minReactionTime":0.41670000553131106,"avgReactionTime":0.545799970626831,"totalPunchNum":45.0}}