{"summary":{"score":3692.239990234375,"maxPunchSpeed":0.7972999811172485,"avgPunchSpeed":0.4677000045776367,"hitRate":85.45449829101563,"minReactionTime":0.33469998836517336,"avgReactionTime":0.5236999988555908,"totalPunchNum":55.0}}