{"summary":{"score":3100.301025390625,"maxPunchSpeed":0.7373999953269959,"avgPunchSpeed":0.39559999108314516,"hitRate":96.0,"minReactionTime":0.34619998931884768,"avgReactionTime":0.5200999975204468,"totalPunchNum":50.0}}