{"summary":{"score":5511.55810546875,"maxPunchSpeed":1.0290000438690186,"avgPunchSpeed":0.5982999801635742,"hitRate":30.909099578857423,"minReactionTime":0.08919999748468399,"avgReactionTime":0.4693000018596649,"totalPunchNum":165.0}}