{"summary":{"score":5661.93994140625,"maxPunchSpeed":1.0162999629974366,"avgPunchSpeed":0.57669997215271,"hitRate":90.0,"minReactionTime":0.2800999879837036,"avgReactionTime":0.4603999853134155,"totalPunchNum":60.0}}