{"summary":{"score":6358.18896484375,"maxPunchSpeed":1.0782999992370606,"avgPunchSpeed":0.5267999768257141,"hitRate":90.0,"minReactionTime":0.24629999697208405,"avgReactionTime":0.3763999938964844,"totalPunchNum":70.0}}