{"summary":{"score":5141.76123046875,"maxPunchSpeed":0.8848999738693237,"avgPunchSpeed":0.4129999876022339,"hitRate":96.77420043945313,"minReactionTime":0.2635999917984009,"avgReactionTime":0.4056999981403351,"totalPunchNum":62.0}}