{"summary":{"score":5517.7099609375,"maxPunchSpeed":1.3499000072479249,"avgPunchSpeed":0.7353000044822693,"hitRate":90.0,"minReactionTime":0.3465000092983246,"avgReactionTime":0.4596000015735626,"totalPunchNum":60.0}}