{"summary":{"score":4389.86181640625,"maxPunchSpeed":0.8274999856948853,"avgPunchSpeed":0.49079999327659609,"hitRate":100.0,"minReactionTime":0.34700000286102297,"avgReactionTime":0.4916999936103821,"totalPunchNum":51.0}}