{"summary":{"score":3488.429931640625,"maxPunchSpeed":0.7549999952316284,"avgPunchSpeed":0.5116999745368958,"hitRate":14.883700370788575,"minReactionTime":0.012900000438094139,"avgReactionTime":0.554099977016449,"totalPunchNum":215.0}}