{"summary":{"score":2714.47998046875,"maxPunchSpeed":0.664900004863739,"avgPunchSpeed":0.32679998874664309,"hitRate":92.45279693603516,"minReactionTime":0.31700000166893008,"avgReactionTime":0.503000020980835,"totalPunchNum":53.0}}