{"summary":{"score":1690.719970703125,"maxPunchSpeed":0.7325999736785889,"avgPunchSpeed":0.39579999446868899,"hitRate":76.74420166015625,"minReactionTime":0.45910000801086428,"avgReactionTime":0.758899986743927,"totalPunchNum":43.0}}