{"summary":{"score":4737.59912109375,"maxPunchSpeed":0.8198999762535095,"avgPunchSpeed":0.4410000145435333,"hitRate":93.54840087890625,"minReactionTime":0.2483000010251999,"avgReactionTime":0.41819998621940615,"totalPunchNum":62.0}}