{"summary":{"score":3604.830078125,"maxPunchSpeed":0.6460999846458435,"avgPunchSpeed":0.40779998898506167,"hitRate":92.59259796142578,"minReactionTime":0.290800005197525,"avgReactionTime":0.4977000057697296,"totalPunchNum":54.0}}