{"summary":{"score":232.17999267578126,"maxPunchSpeed":0.48019999265670779,"avgPunchSpeed":0.38760000467300417,"hitRate":50.0,"minReactionTime":0.6179999709129334,"avgReactionTime":1.1497000455856324,"totalPunchNum":12.0}}