{"summary":{"score":3947.590087890625,"maxPunchSpeed":0.6238999962806702,"avgPunchSpeed":0.3628000020980835,"hitRate":94.82759857177735,"minReactionTime":0.26330000162124636,"avgReactionTime":0.44530001282691958,"totalPunchNum":58.0}}