{"summary":{"score":1757.2149658203125,"maxPunchSpeed":0.8055999875068665,"avgPunchSpeed":0.6732000112533569,"hitRate":17.525800704956056,"minReactionTime":0.1517000049352646,"avgReactionTime":0.7943999767303467,"totalPunchNum":97.0}}