{"summary":{"score":1786.239990234375,"maxPunchSpeed":0.5957000255584717,"avgPunchSpeed":0.4691999852657318,"hitRate":80.95240020751953,"minReactionTime":0.40959998965263369,"avgReactionTime":0.7710999846458435,"totalPunchNum":42.0}}