{"summary":{"score":4071.02001953125,"maxPunchSpeed":1.6349999904632569,"avgPunchSpeed":0.7502999901771545,"hitRate":58.90409851074219,"minReactionTime":0.3003999888896942,"avgReactionTime":0.5946999788284302,"totalPunchNum":73.0}}