{"summary":{"score":2866.050048828125,"maxPunchSpeed":1.169700026512146,"avgPunchSpeed":0.6437000036239624,"hitRate":90.4761962890625,"minReactionTime":0.4320000112056732,"avgReactionTime":0.6952999830245972,"totalPunchNum":42.0}}