{"summary":{"score":3159.010986328125,"maxPunchSpeed":0.4472000002861023,"avgPunchSpeed":0.287200003862381,"hitRate":100.0,"minReactionTime":0.30480000376701357,"avgReactionTime":0.45399999618530276,"totalPunchNum":55.0}}