{"summary":{"score":5500.201171875,"maxPunchSpeed":1.107699990272522,"avgPunchSpeed":0.6736000180244446,"hitRate":100.0,"minReactionTime":0.376800000667572,"avgReactionTime":0.5145000219345093,"totalPunchNum":48.0}}