{"summary":{"score":4109.1298828125,"maxPunchSpeed":2.5280001163482668,"avgPunchSpeed":0.8816999793052673,"hitRate":82.69229888916016,"minReactionTime":0.31850001215934756,"avgReactionTime":0.5855000019073486,"totalPunchNum":52.0}}