{"summary":{"score":4625.9580078125,"maxPunchSpeed":0.8118000030517578,"avgPunchSpeed":0.44859999418258669,"hitRate":82.85710144042969,"minReactionTime":0.2248000055551529,"avgReactionTime":0.4025000035762787,"totalPunchNum":70.0}}