{"summary":{"score":4673.669921875,"maxPunchSpeed":1.340999960899353,"avgPunchSpeed":0.661899983882904,"hitRate":92.15689849853516,"minReactionTime":0.3328000009059906,"avgReactionTime":0.534500002861023,"totalPunchNum":51.0}}