{"summary":{"score":3804.62109375,"maxPunchSpeed":2.0304999351501467,"avgPunchSpeed":0.49549999833106997,"hitRate":96.07839965820313,"minReactionTime":0.3215000033378601,"avgReactionTime":0.5080999732017517,"totalPunchNum":51.0}}