{"summary":{"score":758.8099975585938,"maxPunchSpeed":0.4023999869823456,"avgPunchSpeed":0.2824000120162964,"hitRate":76.08699798583985,"minReactionTime":0.5667999982833862,"avgReactionTime":0.755299985408783,"totalPunchNum":46.0}}