{"summary":{"score":2726.784912109375,"maxPunchSpeed":2.010999917984009,"avgPunchSpeed":0.8715999722480774,"hitRate":78.04879760742188,"minReactionTime":0.09709999710321427,"avgReactionTime":0.8259000182151794,"totalPunchNum":41.0}}