{"summary":{"score":5940.0087890625,"maxPunchSpeed":1.1742000579833985,"avgPunchSpeed":0.5964000225067139,"hitRate":81.01270294189453,"minReactionTime":0.20720000565052033,"avgReactionTime":0.3714999854564667,"totalPunchNum":79.0}}