{"summary":{"score":6542.56201171875,"maxPunchSpeed":1.0810999870300294,"avgPunchSpeed":0.6510999798774719,"hitRate":100.0,"minReactionTime":0.3075999915599823,"avgReactionTime":0.4390000104904175,"totalPunchNum":55.0}}