{"summary":{"score":4000.1201171875,"maxPunchSpeed":0.9789000153541565,"avgPunchSpeed":0.42239999771118166,"hitRate":91.52539825439453,"minReactionTime":0.2775000035762787,"avgReactionTime":0.45089998841285708,"totalPunchNum":59.0}}