{"summary":{"score":5208.64013671875,"maxPunchSpeed":1.4591000080108643,"avgPunchSpeed":0.6787999868392944,"hitRate":53.0,"minReactionTime":0.06369999796152115,"avgReactionTime":0.45980000495910647,"totalPunchNum":100.0}}