{"summary":{"score":3040.361083984375,"maxPunchSpeed":0.6531999707221985,"avgPunchSpeed":0.33869999647140505,"hitRate":94.339599609375,"minReactionTime":0.28679999709129336,"avgReactionTime":0.49900001287460329,"totalPunchNum":53.0}}