{"summary":{"score":5198.63916015625,"maxPunchSpeed":0.765500009059906,"avgPunchSpeed":0.41589999198913576,"hitRate":89.55220031738281,"minReactionTime":0.27630001306533816,"avgReactionTime":0.4106999933719635,"totalPunchNum":67.0}}