{"summary":{"score":603.0999755859375,"maxPunchSpeed":0.8806999921798706,"avgPunchSpeed":0.39410001039505007,"hitRate":77.41940307617188,"minReactionTime":0.6661999821662903,"avgReactionTime":1.1363999843597413,"totalPunchNum":31.0}}