{"summary":{"score":4665.2861328125,"maxPunchSpeed":1.4138000011444092,"avgPunchSpeed":0.5989000201225281,"hitRate":96.07839965820313,"minReactionTime":0.334199994802475,"avgReactionTime":0.49889999628067019,"totalPunchNum":51.0}}