{"summary":{"score":388.3999938964844,"maxPunchSpeed":0.4066999852657318,"avgPunchSpeed":0.2888999879360199,"hitRate":50.0,"minReactionTime":0.4027000069618225,"avgReactionTime":1.5235999822616578,"totalPunchNum":36.0}}