{"summary":{"score":2982.080078125,"maxPunchSpeed":0.690500020980835,"avgPunchSpeed":0.48179998993873598,"hitRate":92.5,"minReactionTime":0.33410000801086428,"avgReactionTime":0.7081000208854675,"totalPunchNum":40.0}}