{"summary":{"score":6733.0869140625,"maxPunchSpeed":1.817199945449829,"avgPunchSpeed":0.8148000240325928,"hitRate":80.8218994140625,"minReactionTime":0.24650000035762788,"avgReactionTime":0.4018999934196472,"totalPunchNum":73.0}}