{"summary":{"score":6485.373046875,"maxPunchSpeed":2.3924999237060549,"avgPunchSpeed":0.8664000034332275,"hitRate":75.94940185546875,"minReactionTime":0.15289999544620515,"avgReactionTime":0.39559999108314516,"totalPunchNum":79.0}}