{"summary":{"score":3675.48388671875,"maxPunchSpeed":1.2961000204086304,"avgPunchSpeed":0.6715999841690064,"hitRate":85.71430206298828,"minReactionTime":0.27900001406669619,"avgReactionTime":0.5645999908447266,"totalPunchNum":42.0}}