{"summary":{"score":2725.679931640625,"maxPunchSpeed":3.7527999877929689,"avgPunchSpeed":1.9098000526428223,"hitRate":8.650500297546387,"minReactionTime":0.04529999941587448,"avgReactionTime":0.7522000074386597,"totalPunchNum":289.0}}