{"summary":{"score":4072.618896484375,"maxPunchSpeed":0.9940000176429749,"avgPunchSpeed":0.6215000152587891,"hitRate":86.7925033569336,"minReactionTime":0.3752000033855438,"avgReactionTime":0.5422000288963318,"totalPunchNum":53.0}}