{"summary":{"score":1467.550048828125,"maxPunchSpeed":0.6331999897956848,"avgPunchSpeed":0.39239999651908877,"hitRate":100.0,"minReactionTime":0.3928000032901764,"avgReactionTime":0.7426999807357788,"totalPunchNum":35.0}}