{"summary":{"score":3021.25,"maxPunchSpeed":1.0181000232696534,"avgPunchSpeed":0.45080000162124636,"hitRate":92.15689849853516,"minReactionTime":0.27799999713897707,"avgReactionTime":0.527400016784668,"totalPunchNum":51.0}}