{"summary":{"score":7289.82421875,"maxPunchSpeed":1.3365999460220338,"avgPunchSpeed":0.77920001745224,"hitRate":84.0,"minReactionTime":0.2402999997138977,"avgReactionTime":0.36800000071525576,"totalPunchNum":75.0}}