{"summary":{"score":4607.333984375,"maxPunchSpeed":2.2644999027252199,"avgPunchSpeed":0.8314999938011169,"hitRate":86.7925033569336,"minReactionTime":0.2937999963760376,"avgReactionTime":0.5084999799728394,"totalPunchNum":53.0}}