{"summary":{"score":3493.821044921875,"maxPunchSpeed":0.9010999798774719,"avgPunchSpeed":0.5683000087738037,"hitRate":97.61910247802735,"minReactionTime":0.3743000030517578,"avgReactionTime":0.6477000117301941,"totalPunchNum":42.0}}