{"summary":{"score":2981.7490234375,"maxPunchSpeed":0.8841000199317932,"avgPunchSpeed":0.4772000014781952,"hitRate":78.33329772949219,"minReactionTime":0.38440001010894778,"avgReactionTime":0.5324000120162964,"totalPunchNum":60.0}}