{"summary":{"score":4583.72021484375,"maxPunchSpeed":2.356800079345703,"avgPunchSpeed":0.8496000170707703,"hitRate":84.90570068359375,"minReactionTime":0.29420000314712527,"avgReactionTime":0.5552999973297119,"totalPunchNum":53.0}}