{"summary":{"score":5942.2998046875,"maxPunchSpeed":0.954800009727478,"avgPunchSpeed":0.45899999141693118,"hitRate":98.36070251464844,"minReactionTime":0.2630999982357025,"avgReactionTime":0.41449999809265139,"totalPunchNum":61.0}}