{"summary":{"score":4854.994140625,"maxPunchSpeed":1.980299949645996,"avgPunchSpeed":1.0400999784469605,"hitRate":72.58059692382813,"minReactionTime":0.32440000772476199,"avgReactionTime":0.5511999726295471,"totalPunchNum":62.0}}