{"summary":{"score":625.6400146484375,"maxPunchSpeed":0.43970000743865969,"avgPunchSpeed":0.3084999918937683,"hitRate":100.0,"minReactionTime":0.6074000000953674,"avgReactionTime":0.9399999976158142,"totalPunchNum":28.0}}