{"summary":{"score":10.199999809265137,"maxPunchSpeed":0.31349998712539675,"avgPunchSpeed":0.31349998712539675,"hitRate":4.545499801635742,"minReactionTime":1.062600016593933,"avgReactionTime":1.062600016593933,"totalPunchNum":22.0}}