{"summary":{"score":113.30000305175781,"maxPunchSpeed":0.733299970626831,"avgPunchSpeed":0.733299970626831,"hitRate":0.30399999022483828,"minReactionTime":0.028300000354647638,"avgReactionTime":0.028300000354647638,"totalPunchNum":329.0}}