{"summary":{"score":3462.361083984375,"maxPunchSpeed":0.7218000292778015,"avgPunchSpeed":0.45320001244544985,"hitRate":100.0,"minReactionTime":0.37560001015663149,"avgReactionTime":0.5494999885559082,"totalPunchNum":46.0}}