{"summary":{"score":3451.416015625,"maxPunchSpeed":5.0183000564575199,"avgPunchSpeed":1.2691999673843384,"hitRate":18.181800842285158,"minReactionTime":0.0820000022649765,"avgReactionTime":0.7505000233650208,"totalPunchNum":165.0}}