{"summary":{"score":5348.06396484375,"maxPunchSpeed":1.7795000076293946,"avgPunchSpeed":1.1298999786376954,"hitRate":63.51350021362305,"minReactionTime":0.2766999900341034,"avgReactionTime":0.5268999934196472,"totalPunchNum":74.0}}