{"summary":{"score":3222.760009765625,"maxPunchSpeed":0.9957000017166138,"avgPunchSpeed":0.5806999802589417,"hitRate":79.24530029296875,"minReactionTime":0.33410000801086428,"avgReactionTime":0.5910999774932861,"totalPunchNum":53.0}}