{"summary":{"score":3734.679931640625,"maxPunchSpeed":0.7093999981880188,"avgPunchSpeed":0.4722999930381775,"hitRate":90.56600189208985,"minReactionTime":0.36329999566078188,"avgReactionTime":0.5367000102996826,"totalPunchNum":53.0}}