{"summary":{"score":2616.6298828125,"maxPunchSpeed":0.8644999861717224,"avgPunchSpeed":0.36329999566078188,"hitRate":88.46150207519531,"minReactionTime":0.3398999869823456,"avgReactionTime":0.5472000241279602,"totalPunchNum":52.0}}