{"summary":{"score":2984.541015625,"maxPunchSpeed":1.1301000118255616,"avgPunchSpeed":0.5921000242233276,"hitRate":88.37210083007813,"minReactionTime":0.4717000126838684,"avgReactionTime":0.680899977684021,"totalPunchNum":43.0}}