{"summary":{"score":5206.1630859375,"maxPunchSpeed":1.3264000415802003,"avgPunchSpeed":0.7171000242233276,"hitRate":67.53250122070313,"minReactionTime":0.04309999942779541,"avgReactionTime":0.4657999873161316,"totalPunchNum":77.0}}