{"summary":{"score":3368.6298828125,"maxPunchSpeed":0.6614000201225281,"avgPunchSpeed":0.34709998965263369,"hitRate":96.36360168457031,"minReactionTime":0.25360000133514407,"avgReactionTime":0.44190001487731936,"totalPunchNum":55.0}}