{"summary":{"score":4853.35986328125,"maxPunchSpeed":0.8266000151634216,"avgPunchSpeed":0.4383000135421753,"hitRate":95.08200073242188,"minReactionTime":0.2662999927997589,"avgReactionTime":0.41359999775886538,"totalPunchNum":61.0}}