{"summary":{"score":4573.2001953125,"maxPunchSpeed":0.6944000124931336,"avgPunchSpeed":0.5131999850273132,"hitRate":95.91840362548828,"minReactionTime":0.4169999957084656,"avgReactionTime":0.5216000080108643,"totalPunchNum":49.0}}