{"summary":{"score":3385.77001953125,"maxPunchSpeed":4.1016998291015629,"avgPunchSpeed":0.5741000175476074,"hitRate":89.09089660644531,"minReactionTime":0.31679999828338625,"avgReactionTime":0.5131999850273132,"totalPunchNum":55.0}}