{"summary":{"score":3705.969970703125,"maxPunchSpeed":1.087499976158142,"avgPunchSpeed":0.5478000044822693,"hitRate":85.45449829101563,"minReactionTime":0.36739999055862429,"avgReactionTime":0.5299000144004822,"totalPunchNum":55.0}}