{"summary":{"score":2702.800048828125,"maxPunchSpeed":1.0245000123977662,"avgPunchSpeed":0.5702000260353088,"hitRate":58.9286003112793,"minReactionTime":0.271699994802475,"avgReactionTime":0.680400013923645,"totalPunchNum":56.0}}