{"summary":{"score":1918.260009765625,"maxPunchSpeed":2.329900026321411,"avgPunchSpeed":1.1470999717712403,"hitRate":8.33329963684082,"minReactionTime":0.053199999034404758,"avgReactionTime":0.849399983882904,"totalPunchNum":216.0}}