{"summary":{"score":2296.0,"maxPunchSpeed":0.9850000143051148,"avgPunchSpeed":0.5238000154495239,"hitRate":79.591796875,"minReactionTime":0.44670000672340395,"avgReactionTime":0.6565999984741211,"totalPunchNum":49.0}}