{"summary":{"score":3599.909912109375,"maxPunchSpeed":0.7447999715805054,"avgPunchSpeed":0.3815000057220459,"hitRate":89.83049774169922,"minReactionTime":0.29019999504089358,"avgReactionTime":0.44760000705718996,"totalPunchNum":59.0}}