{"summary":{"score":5281.0419921875,"maxPunchSpeed":1.0686999559402466,"avgPunchSpeed":0.5752999782562256,"hitRate":98.07689666748047,"minReactionTime":0.29249998927116396,"avgReactionTime":0.47279998660087588,"totalPunchNum":52.0}}