{"summary":{"score":4338.52001953125,"maxPunchSpeed":1.4356000423431397,"avgPunchSpeed":0.7555999755859375,"hitRate":86.27449798583985,"minReactionTime":0.33059999346733096,"avgReactionTime":0.5785999894142151,"totalPunchNum":51.0}}