{"summary":{"score":567.9199829101563,"maxPunchSpeed":0.47760000824928286,"avgPunchSpeed":0.31700000166893008,"hitRate":69.44439697265625,"minReactionTime":0.4417000114917755,"avgReactionTime":1.0719000101089478,"totalPunchNum":36.0}}