{"summary":{"score":3562.9990234375,"maxPunchSpeed":0.8554999828338623,"avgPunchSpeed":0.46709999442100527,"hitRate":72.30770111083985,"minReactionTime":0.22259999811649323,"avgReactionTime":0.5385000109672546,"totalPunchNum":65.0}}