{"summary":{"score":3057.6708984375,"maxPunchSpeed":0.7077000141143799,"avgPunchSpeed":0.4244000017642975,"hitRate":82.75859832763672,"minReactionTime":0.3614000082015991,"avgReactionTime":0.5307000279426575,"totalPunchNum":58.0}}