{"summary":{"score":40.79999923706055,"maxPunchSpeed":0.15160000324249268,"avgPunchSpeed":0.15160000324249268,"hitRate":1.4924999475479127,"minReactionTime":1.5127999782562256,"avgReactionTime":1.5127999782562256,"totalPunchNum":67.0}}