{"summary":{"score":6601.5009765625,"maxPunchSpeed":0.958299994468689,"avgPunchSpeed":0.5515999794006348,"hitRate":96.66670227050781,"minReactionTime":0.2766000032424927,"avgReactionTime":0.4032999873161316,"totalPunchNum":60.0}}