{"summary":{"score":3117.409912109375,"maxPunchSpeed":0.6523000001907349,"avgPunchSpeed":0.3962000012397766,"hitRate":97.91670227050781,"minReactionTime":0.33379998803138735,"avgReactionTime":0.5282999873161316,"totalPunchNum":48.0}}