{"summary":{"score":3950.510009765625,"maxPunchSpeed":0.8712999820709229,"avgPunchSpeed":0.4690000116825104,"hitRate":81.96720123291016,"minReactionTime":0.30649998784065249,"avgReactionTime":0.4722000062465668,"totalPunchNum":61.0}}