{"summary":{"score":6198.541015625,"maxPunchSpeed":0.9743000268936157,"avgPunchSpeed":0.5626000165939331,"hitRate":93.75,"minReactionTime":0.2800999879837036,"avgReactionTime":0.38589999079704287,"totalPunchNum":64.0}}