{"summary":{"score":5365.2001953125,"maxPunchSpeed":1.1813000440597535,"avgPunchSpeed":0.7182000279426575,"hitRate":84.48280334472656,"minReactionTime":0.3257000148296356,"avgReactionTime":0.5048999786376953,"totalPunchNum":58.0}}