{"summary":{"score":3194.260009765625,"maxPunchSpeed":1.746399998664856,"avgPunchSpeed":0.6373999714851379,"hitRate":71.6980972290039,"minReactionTime":0.4108999967575073,"avgReactionTime":0.7139999866485596,"totalPunchNum":53.0}}