{"summary":{"score":5241.669921875,"maxPunchSpeed":1.128600001335144,"avgPunchSpeed":0.6254000067710877,"hitRate":92.72730255126953,"minReactionTime":0.26579999923706057,"avgReactionTime":0.48820000886917117,"totalPunchNum":55.0}}