{"summary":{"score":4260.0810546875,"maxPunchSpeed":0.6895999908447266,"avgPunchSpeed":0.37290000915527346,"hitRate":100.0,"minReactionTime":0.33469998836517336,"avgReactionTime":0.4399999976158142,"totalPunchNum":55.0}}