{"summary":{"score":2089.635009765625,"maxPunchSpeed":0.7989000082015991,"avgPunchSpeed":0.5034000277519226,"hitRate":12.883399963378907,"minReactionTime":0.026499999687075616,"avgReactionTime":0.8077999949455261,"totalPunchNum":163.0}}