{"summary":{"score":4379.55908203125,"maxPunchSpeed":0.7170000076293945,"avgPunchSpeed":0.3928999900817871,"hitRate":82.19180297851563,"minReactionTime":0.26249998807907107,"avgReactionTime":0.39329999685287478,"totalPunchNum":73.0}}