{"summary":{"score":2311.64990234375,"maxPunchSpeed":3.297499895095825,"avgPunchSpeed":0.5953999757766724,"hitRate":94.8718032836914,"minReactionTime":0.430400013923645,"avgReactionTime":0.7045000195503235,"totalPunchNum":39.0}}