{"summary":{"score":6352.52294921875,"maxPunchSpeed":1.0038000345230103,"avgPunchSpeed":0.5364999771118164,"hitRate":83.33329772949219,"minReactionTime":0.23510000109672547,"avgReactionTime":0.35989999771118166,"totalPunchNum":78.0}}