{"summary":{"score":927.9600219726563,"maxPunchSpeed":1.3996000289916993,"avgPunchSpeed":1.1269999742507935,"hitRate":3.9409000873565676,"minReactionTime":0.014399999752640725,"avgReactionTime":0.45179998874664309,"totalPunchNum":203.0}}