{"summary":{"score":5071.72216796875,"maxPunchSpeed":0.8668000102043152,"avgPunchSpeed":0.5726000070571899,"hitRate":100.0,"minReactionTime":0.40470001101493838,"avgReactionTime":0.5214999914169312,"totalPunchNum":48.0}}