{"summary":{"score":6680.953125,"maxPunchSpeed":1.052899956703186,"avgPunchSpeed":0.5859000086784363,"hitRate":35.67250061035156,"minReactionTime":0.015699999406933786,"avgReactionTime":0.38280001282691958,"totalPunchNum":171.0}}