{"summary":{"score":2381.8798828125,"maxPunchSpeed":0.9994999766349793,"avgPunchSpeed":0.614300012588501,"hitRate":14.375,"minReactionTime":0.15199999511241914,"avgReactionTime":1.0328999757766724,"totalPunchNum":160.0}}