{"summary":{"score":2590.110107421875,"maxPunchSpeed":1.2279000282287598,"avgPunchSpeed":0.6557999849319458,"hitRate":31.25,"minReactionTime":0.07069999724626541,"avgReactionTime":0.8700000047683716,"totalPunchNum":96.0}}