{"summary":{"score":4242.57177734375,"maxPunchSpeed":3.135699987411499,"avgPunchSpeed":0.44519999623298647,"hitRate":100.0,"minReactionTime":0.3506999909877777,"avgReactionTime":0.46399998664855959,"totalPunchNum":53.0}}