{"summary":{"score":6113.7978515625,"maxPunchSpeed":1.0334999561309815,"avgPunchSpeed":0.638700008392334,"hitRate":24.215299606323243,"minReactionTime":0.013399999588727951,"avgReactionTime":0.4408000111579895,"totalPunchNum":223.0}}