{"summary":{"score":3280.381103515625,"maxPunchSpeed":1.2035000324249268,"avgPunchSpeed":0.42080000042915347,"hitRate":92.30770111083985,"minReactionTime":0.28029999136924746,"avgReactionTime":0.5170999765396118,"totalPunchNum":52.0}}