{"summary":{"score":3806.84912109375,"maxPunchSpeed":1.0360000133514405,"avgPunchSpeed":0.5685999989509583,"hitRate":56.57899856567383,"minReactionTime":0.241799995303154,"avgReactionTime":0.6053000092506409,"totalPunchNum":76.0}}