{"summary":{"score":4103.51904296875,"maxPunchSpeed":0.6732000112533569,"avgPunchSpeed":0.4296000003814697,"hitRate":90.0,"minReactionTime":0.33329999446868899,"avgReactionTime":0.45190000534057619,"totalPunchNum":60.0}}