{"summary":{"score":3394.381103515625,"maxPunchSpeed":0.8669999837875366,"avgPunchSpeed":0.4832000136375427,"hitRate":97.72730255126953,"minReactionTime":0.4043999910354614,"avgReactionTime":0.5949000120162964,"totalPunchNum":44.0}}