{"summary":{"score":3543.159912109375,"maxPunchSpeed":1.498900055885315,"avgPunchSpeed":0.7516000270843506,"hitRate":73.07689666748047,"minReactionTime":0.3037000000476837,"avgReactionTime":0.690500020980835,"totalPunchNum":52.0}}