{"summary":{"score":5977.087890625,"maxPunchSpeed":1.2044999599456788,"avgPunchSpeed":0.7669000029563904,"hitRate":25.728200912475587,"minReactionTime":0.014399999752640725,"avgReactionTime":0.44830000400543215,"totalPunchNum":206.0}}