{"summary":{"score":2432.1201171875,"maxPunchSpeed":0.6342999935150147,"avgPunchSpeed":0.37709999084472659,"hitRate":79.62960052490235,"minReactionTime":0.4068000018596649,"avgReactionTime":0.5911999940872192,"totalPunchNum":54.0}}