{"summary":{"score":2529.530029296875,"maxPunchSpeed":0.5317999720573425,"avgPunchSpeed":0.3598000109195709,"hitRate":42.307701110839847,"minReactionTime":0.21060000360012055,"avgReactionTime":0.798799991607666,"totalPunchNum":78.0}}