{"summary":{"score":6289.80810546875,"maxPunchSpeed":2.689199924468994,"avgPunchSpeed":0.948199987411499,"hitRate":76.31580352783203,"minReactionTime":0.21289999783039094,"avgReactionTime":0.41359999775886538,"totalPunchNum":76.0}}