{"summary":{"score":3202.85888671875,"maxPunchSpeed":0.8914999961853027,"avgPunchSpeed":0.5016999840736389,"hitRate":84.90570068359375,"minReactionTime":0.34619998931884768,"avgReactionTime":0.5698000192642212,"totalPunchNum":53.0}}