{"summary":{"score":3664.739013671875,"maxPunchSpeed":0.8055999875068665,"avgPunchSpeed":0.4823000133037567,"hitRate":77.77780151367188,"minReactionTime":0.2768000066280365,"avgReactionTime":0.5078999996185303,"totalPunchNum":63.0}}