{"summary":{"score":3613.60009765625,"maxPunchSpeed":1.8861000537872315,"avgPunchSpeed":0.7739999890327454,"hitRate":10.921500205993653,"minReactionTime":0.05460000038146973,"avgReactionTime":0.6664999723434448,"totalPunchNum":293.0}}