{"summary":{"score":4285.02978515625,"maxPunchSpeed":0.9061999917030335,"avgPunchSpeed":0.41909998655319216,"hitRate":55.20830154418945,"minReactionTime":0.05550000071525574,"avgReactionTime":0.4542999863624573,"totalPunchNum":96.0}}