{"summary":{"score":3053.30908203125,"maxPunchSpeed":1.500599980354309,"avgPunchSpeed":0.5023999810218811,"hitRate":80.39219665527344,"minReactionTime":0.18700000643730164,"avgReactionTime":0.6122000217437744,"totalPunchNum":51.0}}