{"summary":{"score":2103.159912109375,"maxPunchSpeed":0.7107999920845032,"avgPunchSpeed":0.40619999170303347,"hitRate":97.43589782714844,"minReactionTime":0.4593000113964081,"avgReactionTime":0.6744999885559082,"totalPunchNum":39.0}}