{"summary":{"score":4647.35888671875,"maxPunchSpeed":0.7900999784469605,"avgPunchSpeed":0.4221999943256378,"hitRate":89.3938980102539,"minReactionTime":0.11029999703168869,"avgReactionTime":0.4032999873161316,"totalPunchNum":66.0}}