{"summary":{"score":4372.35205078125,"maxPunchSpeed":0.5349000096321106,"avgPunchSpeed":0.3677000105381012,"hitRate":96.55169677734375,"minReactionTime":0.2777999937534332,"avgReactionTime":0.44699999690055849,"totalPunchNum":58.0}}