{"summary":{"score":3400.031005859375,"maxPunchSpeed":0.8166000247001648,"avgPunchSpeed":0.4449999928474426,"hitRate":97.87229919433594,"minReactionTime":0.4271000027656555,"avgReactionTime":0.5458999872207642,"totalPunchNum":47.0}}