{"summary":{"score":6372.61083984375,"maxPunchSpeed":1.5845999717712403,"avgPunchSpeed":0.7250000238418579,"hitRate":91.52539825439453,"minReactionTime":0.2639000117778778,"avgReactionTime":0.44110000133514407,"totalPunchNum":59.0}}