{"summary":{"score":1517.719970703125,"maxPunchSpeed":0.5034999847412109,"avgPunchSpeed":0.35420000553131106,"hitRate":97.29730224609375,"minReactionTime":0.4302000105381012,"avgReactionTime":0.7310000061988831,"totalPunchNum":37.0}}