{"summary":{"score":2395.47998046875,"maxPunchSpeed":3.043100118637085,"avgPunchSpeed":1.1092000007629395,"hitRate":40.98360061645508,"minReactionTime":0.29269999265670779,"avgReactionTime":1.0563000440597535,"totalPunchNum":61.0}}