{"summary":{"score":3727.448974609375,"maxPunchSpeed":1.3884999752044678,"avgPunchSpeed":0.7886999845504761,"hitRate":72.22219848632813,"minReactionTime":0.4016999900341034,"avgReactionTime":0.6230000257492065,"totalPunchNum":54.0}}