{"summary":{"score":4569.080078125,"maxPunchSpeed":0.7520999908447266,"avgPunchSpeed":0.45890000462532046,"hitRate":96.42859649658203,"minReactionTime":0.3345000147819519,"avgReactionTime":0.4440000057220459,"totalPunchNum":56.0}}