{"summary":{"score":3498.340087890625,"maxPunchSpeed":0.7968000173568726,"avgPunchSpeed":0.448199987411499,"hitRate":87.71929931640625,"minReactionTime":0.3012000024318695,"avgReactionTime":0.48980000615119936,"totalPunchNum":57.0}}