{"summary":{"score":2219.708984375,"maxPunchSpeed":0.6338000297546387,"avgPunchSpeed":0.352400004863739,"hitRate":84.3136978149414,"minReactionTime":0.290800005197525,"avgReactionTime":0.5871999859809876,"totalPunchNum":51.0}}