{"summary":{"score":5939.009765625,"maxPunchSpeed":1.3896000385284424,"avgPunchSpeed":0.6766999959945679,"hitRate":91.80329895019531,"minReactionTime":0.2777999937534332,"avgReactionTime":0.42750000953674319,"totalPunchNum":61.0}}