{"summary":{"score":1203.199951171875,"maxPunchSpeed":0.9230999946594238,"avgPunchSpeed":0.5249000191688538,"hitRate":86.20690155029297,"minReactionTime":0.4837000072002411,"avgReactionTime":0.9099000096321106,"totalPunchNum":29.0}}