{"summary":{"score":5630.3408203125,"maxPunchSpeed":1.323099970817566,"avgPunchSpeed":0.7404000163078308,"hitRate":89.83049774169922,"minReactionTime":0.2928999960422516,"avgReactionTime":0.46630001068115237,"totalPunchNum":59.0}}