{"summary":{"score":7445.8662109375,"maxPunchSpeed":1.6230000257492066,"avgPunchSpeed":0.9769999980926514,"hitRate":29.279300689697267,"minReactionTime":0.013500000350177288,"avgReactionTime":0.36059999465942385,"totalPunchNum":222.0}}