{"summary":{"score":5446.81396484375,"maxPunchSpeed":1.1730999946594239,"avgPunchSpeed":0.666700005531311,"hitRate":66.26509857177735,"minReactionTime":0.13650000095367433,"avgReactionTime":0.4510999917984009,"totalPunchNum":83.0}}