{"summary":{"score":183.3000030517578,"maxPunchSpeed":0.36820000410079958,"avgPunchSpeed":0.24490000307559968,"hitRate":90.0,"minReactionTime":0.8881000280380249,"avgReactionTime":1.5599000453948975,"totalPunchNum":20.0}}