{"summary":{"score":3115.64990234375,"maxPunchSpeed":0.5091999769210815,"avgPunchSpeed":0.3142000138759613,"hitRate":98.11319732666016,"minReactionTime":0.3325999975204468,"avgReactionTime":0.4733000099658966,"totalPunchNum":53.0}}