{"summary":{"score":1246.9599609375,"maxPunchSpeed":1.2759000062942505,"avgPunchSpeed":0.8740000128746033,"hitRate":7.58620023727417,"minReactionTime":0.027699999511241914,"avgReactionTime":1.0595999956130982,"totalPunchNum":145.0}}