{"cameraMode":{"drawMode":0,"name":"Shaded","section":"Shading Mode"},"sceneLighting":false,"audioPlay":false,"sceneViewState":{"m_AlwaysRefresh":false,"showFog":true,"showSkybox":false,"showFlares":true,"showImageEffects":true,"showParticleSystems":true,"showVisualEffectGraphs":true,"m_FxEnabled":true},"in2DMode":false,"pivot":{"x":0.1267533302307129,"y":2.6086649894714357,"z":-0.0029201507568359377},"rotation":{"x":-0.029051203280687333,"y":-0.02109586074948311,"z":0.0005711966077797115,"w":-0.999407172203064},"size":5.924693584442139,"orthographic":true}