{"cameraMode":{"drawMode":0,"name":"Shaded","section":"Shading Mode"},"sceneLighting":false,"audioPlay":false,"sceneViewState":{"m_AlwaysRefresh":false,"showFog":true,"showSkybox":false,"showFlares":true,"showImageEffects":true,"showParticleSystems":true,"showVisualEffectGraphs":true,"m_FxEnabled":true},"in2DMode":false,"pivot":{"x":3.7300920486450197,"y":0.8331522941589356,"z":0.26114845275878909},"rotation":{"x":-0.029051203280687333,"y":-0.02109586074948311,"z":0.0005711966077797115,"w":-0.999407172203064},"size":26.086286544799806,"orthographic":true}